Market,RunType,Period,L,S,EntryBar,ExitBar,EntryTime,ExitTime,Direction,EntryPrice,ExitPrice,DurationBars,GrossPnL,TransactionCost,NetPnL,TurnoverContracts,TurnoverNotional,IsOOS
TY,walkforward_oos,1,960,0.020000,80972,82870,06/12/1987 11:45,07/21/1987 13:55,1,96.625000,96.093750,1898,-531.250000,18.625000,-549.875000,2.000000,192718.750000,1
TY,walkforward_oos,1,960,0.020000,82870,84134,07/21/1987 13:55,08/14/1987 11:15,-1,96.093750,95.750000,1264,343.750000,18.625000,325.125000,2.000000,191843.750000,1
TY,walkforward_oos,1,960,0.020000,84134,84744,08/14/1987 11:15,08/27/1987 08:05,1,95.750000,94.406250,610,-1343.750000,18.625000,-1362.375000,2.000000,190156.250000,1
TY,walkforward_oos,1,960,0.020000,84744,85513,08/27/1987 08:05,09/11/1987 12:10,-1,94.406250,90.748125,769,3658.125000,18.625000,3639.500000,2.000000,185154.375000,1
TY,walkforward_oos,2,960,0.020000,86334,87232,09/29/1987 08:35,10/15/1987 11:25,-1,89.375000,86.572500,898,2802.500000,18.625000,2783.875000,2.000000,175947.500000,1
TY,walkforward_oos,2,960,0.020000,87480,87645,10/21/1987 08:05,10/23/1987 09:50,1,89.500000,92.946875,165,3446.875000,18.625000,3428.250000,2.000000,182446.875000,1
TY,walkforward_oos,2,960,0.020000,88302,89281,11/05/1987 10:35,11/25/1987 08:10,1,94.843750,93.531250,979,-1312.500000,18.625000,-1331.125000,2.000000,188375.000000,1
TY,walkforward_oos,2,960,0.020000,89281,90338,11/25/1987 08:10,12/16/1987 12:15,-1,93.531250,92.405625,1057,1125.625000,18.625000,1107.000000,2.000000,185936.875000,1
TY,walkforward_oos,3,960,0.020000,90720,91371,12/24/1987 08:05,01/08/1988 08:20,1,93.906250,92.824375,651,-1081.875000,18.625000,-1100.500000,2.000000,186730.625000,1
TY,walkforward_oos,3,960,0.020000,91434,91728,01/08/1988 13:35,01/15/1988 08:05,-1,92.718750,94.718750,294,-2000.000000,18.625000,-2018.625000,2.000000,187437.500000,1
TY,walkforward_oos,3,960,0.020000,91728,94200,01/15/1988 08:05,03/04/1988 10:05,1,94.718750,96.937500,2472,2218.750000,18.625000,2200.125000,2.000000,191656.250000,1
TY,walkforward_oos,4,960,0.020000,96264,98855,04/15/1988 08:05,06/06/1988 14:00,-1,94.437500,92.906250,2591,1531.250000,18.625000,1512.625000,2.000000,187343.750000,1
TY,walkforward_oos,4,960,0.020000,98855,99438,06/06/1988 14:00,06/17/1988 08:35,1,92.906250,92.946875,583,40.625000,18.625000,22.000000,2.000000,185853.125000,1
TY,walkforward_oos,5,960,0.020000,101469,101635,07/28/1988 09:50,08/01/1988 11:40,-1,92.000000,92.812500,166,-812.500000,18.625000,-831.125000,2.000000,184812.500000,1
TY,walkforward_oos,5,960,0.020000,101635,102067,08/01/1988 11:40,08/09/1988 11:40,1,92.812500,92.000000,432,-812.500000,18.625000,-831.125000,2.000000,184812.500000,1
TY,walkforward_oos,5,960,0.020000,102067,103103,08/09/1988 11:40,08/29/1988 14:00,-1,92.000000,91.812500,1036,187.500000,18.625000,168.875000,2.000000,183812.500000,1
TY,walkforward_oos,5,960,0.020000,103103,104536,08/29/1988 14:00,09/27/1988 13:25,1,91.812500,93.125000,1433,1312.500000,18.625000,1293.875000,2.000000,184937.500000,1
TY,walkforward_oos,5,960,0.020000,104536,104905,09/27/1988 13:25,10/05/1988 08:10,-1,93.125000,94.531250,369,-1406.250000,18.625000,-1424.875000,2.000000,187656.250000,1
TY,walkforward_oos,6,960,0.020000,106089,106560,10/27/1988 10:50,11/07/1988 07:25,1,95.343750,94.437500,471,-906.250000,18.625000,-924.875000,2.000000,189781.250000,1
TY,walkforward_oos,6,960,0.020000,106560,108234,11/07/1988 07:25,12/06/1988 13:35,-1,94.437500,93.718750,1674,718.750000,18.625000,700.125000,2.000000,188156.250000,1
TY,walkforward_oos,6,960,0.020000,108234,108640,12/06/1988 13:35,12/14/1988 07:25,1,93.718750,92.437500,406,-1281.250000,18.625000,-1299.875000,2.000000,186156.250000,1
TY,walkforward_oos,6,960,0.020000,108640,110258,12/14/1988 07:25,01/13/1989 08:55,-1,92.437500,93.218750,1618,-781.250000,18.625000,-799.875000,2.000000,185656.250000,1
TY,walkforward_oos,7,960,0.040000,110893,111816,01/25/1989 08:30,02/09/1989 12:05,1,94.250000,93.250000,923,-1000.000000,18.625000,-1018.625000,2.000000,187500.000000,1
TY,walkforward_oos,7,960,0.040000,111816,114560,02/09/1989 12:05,04/03/1989 07:25,-1,93.250000,92.156250,2744,1093.750000,18.625000,1075.125000,2.000000,185406.250000,1
TY,walkforward_oos,8,960,0.040000,115922,116737,04/26/1989 07:35,05/10/1989 08:50,1,93.531250,92.687500,815,-843.750000,18.625000,-862.375000,2.000000,186218.750000,1
TY,walkforward_oos,8,960,0.040000,116737,116882,05/10/1989 08:50,05/12/1989 07:35,-1,92.687500,94.156250,145,-1468.750000,18.625000,-1487.375000,2.000000,186843.750000,1
TY,walkforward_oos,8,960,0.040000,116882,119128,05/12/1989 07:35,06/22/1989 08:05,1,94.156250,97.156250,2246,3000.000000,18.625000,2981.375000,2.000000,191312.500000,1
TY,walkforward_oos,8,960,0.040000,119128,119607,06/22/1989 08:05,06/30/1989 08:00,-1,97.156250,98.937500,479,-1781.250000,18.625000,-1799.875000,2.000000,196093.750000,1
TY,walkforward_oos,9,960,0.040000,121042,121840,07/27/1989 07:35,08/10/1989 07:25,1,100.187500,99.375000,798,-812.500000,18.625000,-831.125000,2.000000,199562.500000,1
TY,walkforward_oos,9,960,0.040000,121840,123531,08/10/1989 07:25,09/11/1989 08:20,-1,99.375000,98.718750,1691,656.250000,18.625000,637.625000,2.000000,198093.750000,1
TY,walkforward_oos,9,960,0.040000,123531,124237,09/11/1989 08:20,09/21/1989 13:50,1,98.718750,98.250000,706,-468.750000,18.625000,-487.375000,2.000000,196968.750000,1
TY,walkforward_oos,9,960,0.040000,124237,125042,09/21/1989 13:50,10/06/1989 07:35,-1,98.250000,99.031250,805,-781.250000,18.625000,-799.875000,2.000000,197281.250000,1
TY,walkforward_oos,10,960,0.040000,126737,126986,11/06/1989 08:50,11/09/1989 09:35,-1,99.468750,100.812500,249,-1343.750000,18.625000,-1362.375000,2.000000,200281.250000,1
TY,walkforward_oos,10,960,0.040000,126986,128562,11/09/1989 09:35,12/08/1989 07:35,1,100.812500,100.062500,1576,-750.000000,18.625000,-768.625000,2.000000,200875.000000,1
TY,walkforward_oos,10,960,0.040000,128562,128888,12/08/1989 07:35,12/14/1989 08:05,-1,100.062500,100.843750,326,-781.250000,18.625000,-799.875000,2.000000,200906.250000,1
TY,walkforward_oos,10,960,0.040000,128888,129499,12/14/1989 08:05,12/26/1989 12:20,1,100.843750,99.937500,611,-906.250000,18.625000,-924.875000,2.000000,200781.250000,1
TY,walkforward_oos,12,1920,0.040000,136181,137682,04/26/1990 09:10,05/23/1990 07:35,-1,93.343750,95.906250,1501,-2562.500000,18.625000,-2581.125000,2.000000,189250.000000,1
TY,walkforward_oos,12,1920,0.040000,137682,140410,05/23/1990 07:35,07/12/1990 08:15,1,95.906250,95.843750,2728,-62.500000,18.625000,-81.125000,2.000000,191750.000000,1
TY,walkforward_oos,12,1920,0.040000,140410,140989,07/12/1990 08:15,07/23/1990 09:50,-1,95.843750,97.218750,579,-1375.000000,18.625000,-1393.625000,2.000000,193062.500000,1
TY,walkforward_oos,13,1920,0.040000,141361,141810,07/30/1990 07:30,08/06/1990 11:35,1,97.375000,95.625000,449,-1750.000000,18.625000,-1768.625000,2.000000,193000.000000,1
TY,walkforward_oos,13,1920,0.040000,141810,144891,08/06/1990 11:35,10/01/1990 08:20,-1,95.625000,94.875000,3081,750.000000,18.625000,731.375000,2.000000,190500.000000,1
TY,walkforward_oos,14,960,0.010000,146724,149153,11/01/1990 07:45,12/14/1990 10:10,1,96.187500,99.123750,2429,2936.250000,18.625000,2917.625000,2.000000,195311.250000,1
TY,walkforward_oos,14,960,0.010000,149611,149762,12/24/1990 08:20,12/27/1990 07:35,-1,98.281250,98.664375,151,-383.125000,18.625000,-401.750000,2.000000,196945.625000,1
TY,walkforward_oos,14,960,0.010000,150082,150240,01/03/1991 07:35,01/07/1991 07:25,1,99.843750,98.969062,158,-874.687500,18.625000,-893.312500,2.000000,198812.812500,1
TY,walkforward_oos,14,960,0.010000,150478,150562,01/09/1991 13:55,01/11/1991 07:35,-1,97.687500,98.569688,84,-882.187500,18.625000,-900.812500,2.000000,196257.187500,1
TY,walkforward_oos,14,960,0.010000,150640,150880,01/14/1991 07:25,01/17/1991 07:25,-1,97.593750,98.538125,240,-944.375000,18.625000,-963.000000,2.000000,196131.875000,1
TY,walkforward_oos,15,1920,0.040000,151762,153204,02/01/1991 07:35,02/28/1991 07:45,1,99.968750,99.125000,1442,-843.750000,18.625000,-862.375000,2.000000,199093.750000,1
TY,walkforward_oos,15,1920,0.040000,153204,155140,02/28/1991 07:45,04/04/1991 09:05,-1,99.125000,99.156250,1936,-31.250000,18.625000,-49.875000,2.000000,198281.250000,1
TY,walkforward_oos,16,1920,0.010000,156800,157041,05/03/1991 07:25,05/08/1991 07:30,1,99.812500,98.876250,241,-936.250000,18.625000,-954.875000,2.000000,198688.750000,1
TY,walkforward_oos,16,1920,0.010000,157388,157854,05/14/1991 09:45,05/22/1991 08:35,-1,98.281250,99.074687,466,-793.437500,18.625000,-812.062500,2.000000,197355.937500,1
TY,walkforward_oos,16,1920,0.010000,158406,159163,06/03/1991 07:55,06/14/1991 11:00,-1,98.093750,96.991563,757,1102.187500,18.625000,1083.562500,2.000000,195085.312500,1
TY,walkforward_oos,18,1920,0.040000,166347,166962,10/22/1991 09:40,11/01/1991 07:35,-1,101.218750,103.218750,615,-2000.000000,18.625000,-2018.625000,2.000000,204437.500000,1
TY,walkforward_oos,19,1920,0.030000,171555,175494,01/24/1992 10:20,04/03/1992 11:55,-1,103.750000,102.781250,3939,968.750000,18.625000,950.125000,2.000000,206531.250000,1
TY,walkforward_oos,21,1920,0.030000,181440,186405,07/22/1992 07:25,10/19/1992 07:50,1,106.687500,107.656250,4965,968.750000,18.625000,950.125000,2.000000,214343.750000,1
TY,walkforward_oos,22,1920,0.030000,186480,190076,10/20/1992 07:25,12/22/1992 13:45,-1,107.375000,107.312500,3596,62.500000,18.625000,43.875000,2.000000,214687.500000,1
TY,walkforward_oos,23,1920,0.030000,191683,194519,01/22/1993 07:40,03/15/1993 10:40,1,108.343750,110.095000,2836,1751.250000,18.625000,1732.625000,2.000000,218438.750000,1
TY,walkforward_oos,24,1920,0.040000,196592,198105,04/21/1993 10:05,05/18/1993 09:30,1,112.968750,111.812500,1513,-1156.250000,18.625000,-1174.875000,2.000000,224781.250000,1
TY,walkforward_oos,24,1920,0.040000,198105,200032,05/18/1993 09:30,06/22/1993 10:05,-1,111.812500,112.531250,1927,-718.750000,18.625000,-737.375000,2.000000,224343.750000,1
TY,walkforward_oos,25,1920,0.040000,201813,203353,07/23/1993 11:50,08/19/1993 13:30,-1,112.031250,114.343750,1540,-2312.500000,18.625000,-2331.125000,2.000000,226375.000000,1
TY,walkforward_oos,27,3200,0.030000,212328,213126,01/28/1994 08:05,02/11/1994 07:55,1,114.625000,111.937500,798,-2687.500000,18.625000,-2706.125000,2.000000,226562.500000,1
TY,walkforward_oos,29,2240,0.040000,222350,224642,07/29/1994 09:55,09/09/1994 07:35,1,105.031250,103.312500,2292,-1718.750000,18.625000,-1737.375000,2.000000,208343.750000,1
TY,walkforward_oos,30,3200,0.040000,227200,231605,10/25/1994 07:25,01/13/1995 07:50,-1,100.125000,100.968750,4405,-843.750000,18.625000,-862.375000,2.000000,201093.750000,1
TY,walkforward_oos,32,2240,0.040000,237628,241893,05/03/1995 09:45,07/19/1995 11:50,1,105.968750,108.750000,4265,2781.250000,18.625000,2762.625000,2.000000,214718.750000,1
TY,walkforward_oos,33,2240,0.040000,241938,244087,07/20/1995 08:55,08/28/1995 08:00,-1,108.312500,109.906250,2149,-1593.750000,18.625000,-1612.375000,2.000000,218218.750000,1
TY,walkforward_oos,35,2240,0.040000,252722,253600,02/02/1996 07:35,02/20/1996 07:25,1,115.312500,113.156250,878,-2156.250000,18.625000,-2174.875000,2.000000,228468.750000,1
TY,walkforward_oos,37,2240,0.040000,262740,264400,08/01/1996 09:05,08/30/1996 07:25,1,107.687500,106.250000,1660,-1437.500000,18.625000,-1456.125000,2.000000,213937.500000,1
TY,walkforward_oos,37,2240,0.040000,264400,266320,08/30/1996 07:25,10/04/1996 07:25,-1,106.250000,108.218750,1920,-1968.750000,18.625000,-1987.375000,2.000000,214468.750000,1
TY,walkforward_oos,38,2240,0.040000,267620,270037,10/29/1996 09:05,12/12/1996 10:30,1,109.000000,109.375000,2417,375.000000,18.625000,356.375000,2.000000,218375.000000,1
TY,walkforward_oos,39,2240,0.040000,272389,273439,01/27/1997 13:10,02/13/1997 14:00,-1,107.625000,109.937500,1050,-2312.500000,18.625000,-2331.125000,2.000000,217562.500000,1
TY,walkforward_oos,39,2240,0.040000,273439,274167,02/13/1997 14:00,02/28/1997 08:00,1,109.937500,107.562500,728,-2375.000000,18.625000,-2393.625000,2.000000,217500.000000,1
TY,walkforward_oos,41,1600,0.040000,282480,283153,07/29/1997 07:25,08/08/1997 10:10,1,110.375000,108.875000,673,-1500.000000,18.625000,-1518.625000,2.000000,219250.000000,1
TY,walkforward_oos,41,1600,0.040000,283153,285231,08/08/1997 10:10,09/16/1997 10:00,-1,108.875000,109.906250,2078,-1031.250000,18.625000,-1049.875000,2.000000,218781.250000,1
TY,walkforward_oos,41,1600,0.040000,285231,287022,09/16/1997 10:00,10/17/1997 12:35,1,109.906250,109.562500,1791,-343.750000,18.625000,-362.375000,2.000000,219468.750000,1
TY,walkforward_oos,42,1600,0.040000,287520,289602,10/28/1997 07:25,12/05/1997 07:35,1,111.906250,111.000000,2082,-906.250000,18.625000,-924.875000,2.000000,222906.250000,1
TY,walkforward_oos,42,1600,0.040000,289602,289928,12/05/1997 07:35,12/11/1997 08:05,-1,111.000000,112.000000,326,-1000.000000,18.625000,-1018.625000,2.000000,223000.000000,1
TY,walkforward_oos,43,1920,0.040000,293868,296081,02/24/1998 09:45,04/03/1998 07:30,-1,112.437500,113.375000,2213,-937.500000,18.625000,-956.125000,2.000000,225812.500000,1
TY,walkforward_oos,43,1920,0.040000,296081,297280,04/03/1998 07:30,04/27/1998 07:25,1,113.375000,111.937500,1199,-1437.500000,18.625000,-1456.125000,2.000000,225312.500000,1
TY,walkforward_oos,44,1920,0.040000,297486,298913,04/29/1998 11:15,05/26/1998 10:10,-1,111.406250,112.781250,1427,-1375.000000,18.625000,-1393.625000,2.000000,224187.500000,1
TY,walkforward_oos,45,1920,0.030000,302560,303040,07/30/1998 07:25,08/07/1998 07:25,-1,113.406250,114.250000,480,-843.750000,18.625000,-862.375000,2.000000,227656.250000,1
TY,walkforward_oos,45,1920,0.030000,303040,306560,08/07/1998 07:25,10/09/1998 07:25,1,114.250000,119.885937,3520,5635.937500,18.625000,5617.312500,2.000000,234135.937500,1
TY,walkforward_oos,47,1920,0.030000,312825,316274,02/04/1999 09:30,04/08/1999 10:15,-1,117.125000,115.875000,3449,1250.000000,18.625000,1231.375000,2.000000,233000.000000,1
TY,walkforward_oos,48,1920,0.030000,317701,321365,05/04/1999 09:10,07/09/1999 07:50,-1,114.281250,111.218750,3664,3062.500000,18.625000,3043.875000,2.000000,225500.000000,1
TY,walkforward_oos,49,1920,0.030000,322645,324057,08/02/1999 07:50,08/25/1999 12:10,-1,109.718750,111.406250,1412,-1687.500000,18.625000,-1706.125000,2.000000,221125.000000,1
TY,walkforward_oos,49,1920,0.030000,324057,326400,08/25/1999 12:10,10/07/1999 07:25,1,111.406250,109.015625,2343,-2390.625000,18.625000,-2409.250000,2.000000,220421.875000,1
TY,walkforward_oos,50,1920,0.030000,327942,329120,11/04/1999 09:15,11/29/1999 07:25,1,110.187500,107.734375,1178,-2453.125000,18.625000,-2471.750000,2.000000,217921.875000,1
TY,walkforward_oos,51,960,0.015000,332784,332916,02/02/2000 12:45,02/04/2000 10:25,1,95.437500,95.391094,132,-46.406250,18.625000,-65.031250,2.000000,190828.593750,1
TY,walkforward_oos,51,960,0.015000,333930,335683,02/24/2000 08:15,03/27/2000 07:40,1,96.187500,96.468437,1753,280.937500,18.625000,262.312500,2.000000,192655.937500,1
TY,walkforward_oos,51,960,0.015000,336018,336322,03/31/2000 08:55,04/06/2000 07:35,1,97.937500,98.438437,304,500.937500,18.625000,482.312500,2.000000,196375.937500,1
TY,walkforward_oos,52,1440,0.010000,337758,338221,05/02/2000 13:55,05/10/2000 12:30,-1,96.468750,95.823750,463,645.000000,18.625000,626.375000,2.000000,192292.500000,1
TY,walkforward_oos,52,1440,0.010000,338700,338819,05/18/2000 12:25,05/22/2000 09:00,-1,94.875000,95.776406,119,-901.406250,18.625000,-920.031250,2.000000,190651.406250,1
TY,walkforward_oos,52,1440,0.010000,339153,339481,05/26/2000 10:10,06/02/2000 10:50,1,96.703125,97.855312,328,1152.187500,18.625000,1133.562500,2.000000,194558.437500,1
TY,walkforward_oos,52,1440,0.010000,341142,341798,07/03/2000 09:15,07/14/2000 10:35,1,98.812500,98.288438,656,-524.062500,18.625000,-542.687500,2.000000,197100.937500,1
TY,walkforward_oos,53,1440,0.010000,342803,344400,08/02/2000 07:40,08/30/2000 07:25,1,99.281250,99.402187,1597,120.937500,18.625000,102.312500,2.000000,198683.437500,1
TY,walkforward_oos,53,1440,0.010000,344562,345360,09/01/2000 07:35,09/18/2000 07:25,1,100.406250,99.634219,798,-772.031250,18.625000,-790.656250,2.000000,200040.468750,1
TY,walkforward_oos,53,1440,0.010000,346640,347125,10/11/2000 07:25,10/19/2000 07:50,1,100.546875,101.072812,485,525.937500,18.625000,507.312500,2.000000,201619.687500,1
TY,walkforward_oos,54,1440,0.010000,348079,348480,11/03/2000 14:00,11/13/2000 07:25,-1,100.375000,100.968438,401,-593.437500,18.625000,-612.062500,2.000000,201343.437500,1
TY,walkforward_oos,54,1440,0.010000,349040,350984,11/22/2000 07:25,12/28/2000 09:25,1,101.562500,104.491406,1944,2928.906250,18.625000,2910.281250,2.000000,206053.906250,1
TY,walkforward_oos,54,1440,0.010000,351144,351262,01/02/2001 09:25,01/03/2001 12:35,1,105.546875,105.558750,118,11.875000,18.625000,-6.750000,2.000000,211105.625000,1
TY,walkforward_oos,54,1440,0.010000,351798,351974,01/12/2001 10:35,01/17/2001 11:55,-1,104.312500,105.197812,176,-885.312500,18.625000,-903.937500,2.000000,209510.312500,1
TY,walkforward_oos,54,1440,0.010000,352320,352480,01/24/2001 07:25,01/26/2001 07:25,-1,104.156250,104.629688,160,-473.437500,18.625000,-492.062500,2.000000,208785.937500,1
TY,walkforward_oos,55,1440,0.010000,354181,354565,02/27/2001 09:10,03/06/2001 07:50,1,105.968750,105.280312,384,-688.437500,18.625000,-707.062500,2.000000,211249.062500,1
TY,walkforward_oos,55,1440,0.010000,355043,355780,03/14/2001 07:40,03/27/2001 09:05,1,106.343750,106.285781,737,-57.968750,18.625000,-76.593750,2.000000,212629.531250,1
TY,walkforward_oos,55,1440,0.010000,356607,356996,04/10/2001 11:20,04/18/2001 10:25,-1,105.468750,104.677031,389,791.718750,18.625000,773.093750,2.000000,210145.781250,1
TY,walkforward_oos,56,3200,0.030000,358381,360719,05/11/2001 12:30,06/22/2001 14:00,-1,103.312500,105.011719,2338,-1699.218750,18.625000,-1717.843750,2.000000,208324.218750,1
TY,walkforward_oos,58,3200,0.015000,368444,369000,11/16/2001 08:25,11/28/2001 08:05,-1,107.406250,107.114219,556,292.031250,18.625000,273.406250,2.000000,214520.468750,1
TY,walkforward_oos,58,3200,0.015000,369432,369792,12/05/2001 10:45,12/12/2001 07:25,-1,105.531250,105.179375,360,351.875000,18.625000,333.250000,2.000000,210710.625000,1
TY,walkforward_oos,58,3200,0.015000,370032,370112,12/17/2001 07:25,12/18/2001 07:25,-1,103.625000,104.053359,80,-428.359375,18.625000,-446.984375,2.000000,207678.359375,1
TY,walkforward_oos,59,3200,0.030000,373632,374212,02/22/2002 07:25,03/05/2002 09:05,1,107.375000,104.441719,580,-2933.281250,18.625000,-2951.906250,2.000000,211816.718750,1
TY,walkforward_oos,59,3200,0.030000,374360,376452,03/07/2002 08:05,04/15/2002 09:05,-1,104.343750,104.786406,2092,-442.656250,18.625000,-461.281250,2.000000,209130.156250,1
TY,walkforward_oos,60,3200,0.015000,378711,379091,05/23/2002 10:40,05/31/2002 09:00,1,106.156250,105.318047,380,-838.203125,18.625000,-856.828125,2.000000,211474.296875,1
TY,walkforward_oos,60,3200,0.015000,379872,380695,06/14/2002 07:25,06/28/2002 09:20,1,106.921875,107.164922,823,243.046875,18.625000,224.421875,2.000000,214086.796875,1
TY,walkforward_oos,60,3200,0.015000,381309,382298,07/10/2002 13:50,07/29/2002 09:35,1,108.796875,110.273828,989,1476.953125,18.625000,1458.328125,2.000000,219070.703125,1
TY,walkforward_oos,61,3200,0.030000,383072,386752,08/12/2002 07:25,10/17/2002 07:25,1,112.578125,112.823125,3680,245.000000,18.625000,226.375000,2.000000,225401.250000,1
TY,walkforward_oos,62,3200,0.030000,388992,390194,11/27/2002 07:25,12/19/2002 07:35,-1,111.796875,113.380469,1202,-1583.593750,18.625000,-1602.218750,2.000000,225177.343750,1
TY,walkforward_oos,63,1600,0.040000,393152,394912,02/13/2003 07:25,03/18/2003 07:25,1,114.968750,114.406250,1760,-562.500000,18.625000,-581.125000,2.000000,229375.000000,1
TY,walkforward_oos,63,1600,0.040000,394912,397390,03/18/2003 07:25,04/30/2003 13:55,-1,114.406250,115.078125,2478,-671.875000,18.625000,-690.500000,2.000000,229484.375000,1
TY,walkforward_oos,64,1600,0.040000,398176,400514,05/14/2003 12:45,06/26/2003 07:35,1,117.468750,117.593750,2338,125.000000,18.625000,106.375000,2.000000,235062.500000,1
TY,walkforward_oos,65,1600,0.040000,404090,404825,08/29/2003 07:35,09/12/2003 08:50,-1,109.656250,112.390625,735,-2734.375000,18.625000,-2753.000000,2.000000,222046.875000,1
TY,walkforward_oos,65,1600,0.040000,404825,406546,09/12/2003 08:50,10/15/2003 07:35,1,112.390625,111.421875,1721,-968.750000,18.625000,-987.375000,2.000000,223812.500000,1
TY,walkforward_oos,66,1600,0.040000,408253,408976,11/14/2003 09:50,12/01/2003 07:25,1,113.312500,110.718750,723,-2593.750000,18.625000,-2612.375000,2.000000,224031.250000,1
TY,walkforward_oos,66,1600,0.040000,408976,411066,12/01/2003 07:25,01/09/2004 07:35,-1,110.718750,113.218750,2090,-2500.000000,18.625000,-2518.625000,2.000000,223937.500000,1
TY,walkforward_oos,67,1600,0.015000,413448,413677,02/24/2004 09:05,02/27/2004 08:10,1,115.234375,113.644375,229,-1590.000000,18.625000,-1608.625000,2.000000,228878.750000,1
TY,walkforward_oos,67,1600,0.015000,414076,415356,03/05/2004 08:05,03/29/2004 08:05,1,115.375000,114.798672,1280,-576.328125,18.625000,-594.953125,2.000000,230173.671875,1
TY,walkforward_oos,67,1600,0.015000,415670,418078,04/02/2004 07:35,05/17/2004 08:15,-1,113.812500,109.413828,2408,4398.671875,18.625000,4380.046875,2.000000,223226.328125,1
TY,walkforward_oos,68,1440,0.015000,418879,419804,06/01/2004 10:20,06/18/2004 07:25,-1,107.796875,108.605000,925,-808.125000,18.625000,-826.750000,2.000000,216401.875000,1
TY,walkforward_oos,68,1440,0.015000,420150,421929,06/24/2004 09:35,07/27/2004 12:40,1,109.187500,109.735156,1779,547.656250,18.625000,529.031250,2.000000,218922.656250,1
TY,walkforward_oos,69,1600,0.015000,424108,424570,09/03/2004 07:35,09/14/2004 07:35,-1,111.640625,112.744297,462,-1103.671875,18.625000,-1122.296875,2.000000,224384.921875,1
TY,walkforward_oos,69,1600,0.015000,424793,425628,09/16/2004 12:50,10/01/2004 09:05,1,113.109375,112.089922,835,-1019.453125,18.625000,-1038.078125,2.000000,225199.296875,1
TY,walkforward_oos,69,1600,0.015000,425931,426232,10/07/2004 07:40,10/14/2004 07:35,-1,111.796875,113.331094,301,-1534.218750,18.625000,-1552.843750,2.000000,225127.968750,1
TY,walkforward_oos,69,1600,0.015000,426630,427512,10/21/2004 07:25,11/05/2004 07:35,1,113.796875,111.656250,882,-2140.625000,18.625000,-2159.250000,2.000000,225453.125000,1
TY,walkforward_oos,70,1440,0.015000,428601,429160,11/29/2004 08:00,12/08/2004 07:55,-1,111.500000,111.919609,559,-419.609375,18.625000,-438.234375,2.000000,223419.609375,1
TY,walkforward_oos,70,1440,0.015000,430799,430800,01/07/2005 07:30,01/07/2005 07:35,-1,111.156250,112.395391,1,-1239.140625,18.625000,-1257.765625,2.000000,223551.640625,1
TY,walkforward_oos,70,1440,0.015000,432302,433102,02/04/2005 07:35,02/18/2005 07:35,1,112.421875,111.689766,800,-732.109375,18.625000,-750.734375,2.000000,224111.640625,1
TY,walkforward_oos,71,1440,0.040000,433482,435936,02/28/2005 07:25,04/12/2005 13:25,-1,111.125000,110.062500,2454,1062.500000,18.625000,1043.875000,2.000000,221187.500000,1
TY,walkforward_oos,72,1440,0.010000,438646,438853,06/01/2005 07:25,06/03/2005 11:20,1,113.421875,113.509687,207,87.812500,18.625000,69.187500,2.000000,226931.562500,1
TY,walkforward_oos,72,1440,0.010000,439707,439848,06/20/2005 09:10,06/22/2005 07:35,-1,112.171875,113.230469,141,-1058.593750,18.625000,-1077.218750,2.000000,225402.343750,1
TY,walkforward_oos,72,1440,0.010000,440785,442747,07/08/2005 13:50,08/12/2005 10:40,-1,112.109375,110.910625,1962,1198.750000,18.625000,1180.125000,2.000000,223020.000000,1
TY,walkforward_oos,73,1440,0.010000,443679,444111,08/30/2005 08:20,09/07/2005 12:30,1,111.984375,111.498750,432,-485.625000,18.625000,-504.250000,2.000000,223483.125000,1
TY,walkforward_oos,73,1440,0.010000,444575,444930,09/15/2005 11:10,09/22/2005 07:25,-1,111.015625,111.352500,355,-336.875000,18.625000,-355.500000,2.000000,222368.125000,1
TY,walkforward_oos,73,1440,0.010000,445103,447856,09/26/2005 08:30,11/16/2005 07:35,-1,110.250000,108.559219,2753,1690.781250,18.625000,1672.156250,2.000000,218809.218750,1
TY,walkforward_oos,74,1440,0.010000,449922,450811,12/23/2005 09:25,01/11/2006 12:10,1,109.234375,109.054688,889,-179.687500,18.625000,-198.312500,2.000000,218289.062500,1
TY,walkforward_oos,74,1440,0.010000,451076,451498,01/18/2006 07:35,01/25/2006 09:25,1,110.156250,109.101094,422,-1055.156250,18.625000,-1073.781250,2.000000,219257.343750,1
TY,walkforward_oos,75,1440,0.010000,453622,454289,03/06/2006 07:25,03/16/2006 09:40,-1,107.000000,107.565000,667,-565.000000,18.625000,-583.625000,2.000000,214565.000000,1
TY,walkforward_oos,75,1440,0.010000,455042,457869,03/29/2006 12:25,05/19/2006 09:00,-1,106.500000,105.702813,2827,797.187500,18.625000,778.562500,2.000000,212202.812500,1
TY,walkforward_oos,75,1440,0.010000,457873,458458,05/19/2006 09:20,05/31/2006 12:25,1,105.703125,105.048281,585,-654.843750,18.625000,-673.468750,2.000000,210751.406250,1
TY,walkforward_oos,76,1440,0.010000,458920,459280,06/08/2006 10:55,06/15/2006 07:35,1,106.109375,105.048281,360,-1061.093750,18.625000,-1079.718750,2.000000,211157.656250,1
TY,walkforward_oos,76,1440,0.010000,459451,460652,06/19/2006 08:30,07/11/2006 09:35,-1,104.718750,105.087344,1201,-368.593750,18.625000,-387.218750,2.000000,209806.093750,1
TY,walkforward_oos,77,1440,0.010000,463708,465603,09/01/2006 10:55,10/06/2006 09:50,1,107.453125,107.662500,1895,209.375000,18.625000,190.750000,2.000000,215115.625000,1
TY,walkforward_oos,77,1440,0.010000,466362,466684,10/23/2006 07:25,10/27/2006 07:35,-1,106.796875,107.659688,322,-862.812500,18.625000,-881.437500,2.000000,214456.562500,1
TY,walkforward_oos,78,1440,0.010000,469528,472124,12/19/2006 07:35,02/07/2007 08:40,-1,108.156250,107.265156,2596,891.093750,18.625000,872.468750,2.000000,215421.406250,1
TY,walkforward_oos,79,1440,0.015000,474007,474899,03/13/2007 13:15,03/29/2007 07:35,1,109.093750,108.218750,892,-875.000000,18.625000,-893.625000,2.000000,217312.500000,1
TY,walkforward_oos,79,1440,0.015000,474899,476700,03/29/2007 07:35,05/01/2007 08:05,-1,108.218750,108.437500,1801,-218.750000,18.625000,-237.375000,2.000000,216656.250000,1
TY,walkforward_oos,79,1440,0.015000,476700,477654,05/01/2007 08:05,05/17/2007 07:35,1,108.437500,107.562500,954,-875.000000,18.625000,-893.625000,2.000000,216000.000000,1
TY,walkforward_oos,80,1440,0.015000,478807,479463,06/07/2007 11:20,06/19/2007 12:40,-1,105.109375,105.195234,656,-85.859375,18.625000,-104.484375,2.000000,210304.609375,1
TY,walkforward_oos,81,2240,0.010000,483858,484189,09/07/2007 07:35,09/13/2007 08:30,1,109.843750,109.859062,331,15.312500,18.625000,-3.312500,2.000000,219702.812500,1
TY,walkforward_oos,81,2240,0.010000,485686,486032,10/11/2007 07:35,10/17/2007 09:45,-1,108.406250,109.285156,346,-878.906250,18.625000,-897.531250,2.000000,217691.406250,1
TY,walkforward_oos,81,2240,0.010000,486405,486878,10/24/2007 07:30,10/31/2007 13:35,1,110.718750,110.091094,473,-627.656250,18.625000,-646.281250,2.000000,220809.843750,1
TY,walkforward_oos,81,2240,0.010000,486983,488256,11/02/2007 09:00,11/28/2007 11:25,1,111.203125,113.447812,1273,2244.687500,18.625000,2226.062500,2.000000,224650.937500,1
TY,walkforward_oos,82,1920,0.010000,489782,489883,12/26/2007 12:55,12/28/2007 08:00,-1,111.734375,112.678125,101,-943.750000,18.625000,-962.375000,2.000000,224412.500000,1
TY,walkforward_oos,82,1920,0.010000,490052,491200,01/02/2008 10:45,01/24/2008 07:25,1,114.359375,117.949219,1148,3589.843750,18.625000,3571.218750,2.000000,232308.593750,1
TY,walkforward_oos,82,1920,0.010000,492675,492803,02/19/2008 12:20,02/21/2008 09:40,-1,115.609375,116.260469,128,-651.093750,18.625000,-669.718750,2.000000,231869.843750,1
TY,walkforward_oos,82,1920,0.010000,493658,493818,03/07/2008 07:35,03/11/2008 07:35,1,117.812500,117.206719,160,-605.781250,18.625000,-624.406250,2.000000,235019.218750,1
TY,walkforward_oos,83,2240,0.010000,493976,494305,03/13/2008 07:25,03/19/2008 08:10,1,118.390625,118.769063,329,378.437500,18.625000,359.812500,2.000000,237159.687500,1
TY,walkforward_oos,83,2240,0.010000,494395,494462,03/20/2008 09:00,03/24/2008 07:55,1,119.968750,118.769063,67,-1199.687500,18.625000,-1218.312500,2.000000,238737.812500,1
TY,walkforward_oos,83,2240,0.010000,495891,496081,04/16/2008 13:40,04/21/2008 09:30,-1,116.531250,116.402500,190,128.750000,18.625000,110.125000,2.000000,232933.750000,1
TY,walkforward_oos,83,2240,0.010000,496341,496700,04/24/2008 11:10,05/01/2008 07:45,-1,115.250000,116.086875,359,-836.875000,18.625000,-855.500000,2.000000,231336.875000,1
TY,walkforward_oos,83,2240,0.010000,496779,497118,05/02/2008 07:40,05/08/2008 09:15,-1,114.937500,115.597656,339,-660.156250,18.625000,-678.781250,2.000000,230535.156250,1
TY,walkforward_oos,83,2240,0.010000,497416,497598,05/14/2008 07:25,05/16/2008 09:15,-1,114.453125,115.455625,182,-1002.500000,18.625000,-1021.125000,2.000000,229908.750000,1
TY,walkforward_oos,83,2240,0.010000,498194,498483,05/28/2008 07:35,06/02/2008 11:40,-1,114.312500,113.388281,289,924.218750,18.625000,905.593750,2.000000,227700.781250,1
TY,walkforward_oos,84,2240,0.010000,498971,499411,06/10/2008 12:20,06/18/2008 09:00,-1,112.265625,112.141563,440,124.062500,18.625000,105.437500,2.000000,224407.187500,1
TY,walkforward_oos,84,2240,0.010000,500457,500785,07/07/2008 11:30,07/11/2008 12:10,1,114.953125,114.716250,328,-236.875000,18.625000,-255.500000,2.000000,229669.375000,1
TY,walkforward_oos,84,2240,0.010000,500908,500995,07/15/2008 09:05,07/16/2008 09:40,1,115.875000,114.901875,87,-973.125000,18.625000,-991.750000,2.000000,230776.875000,1
TY,walkforward_oos,84,2240,0.010000,502733,503528,08/15/2008 07:50,08/29/2008 07:25,1,116.062500,115.891875,795,-170.625000,18.625000,-189.250000,2.000000,231954.375000,1
TY,walkforward_oos,84,2240,0.010000,503885,503984,09/04/2008 12:30,09/08/2008 07:25,1,117.062500,116.572500,99,-490.000000,18.625000,-508.625000,2.000000,233635.000000,1
TY,walkforward_oos,85,960,0.015000,504384,504704,09/15/2008 07:25,09/19/2008 07:25,1,117.750000,117.568984,320,-181.015625,18.625000,-199.640625,2.000000,235318.984375,1
TY,walkforward_oos,85,960,0.015000,504784,505198,09/22/2008 07:25,09/29/2008 08:35,-1,115.187500,115.725859,414,-538.359375,18.625000,-556.984375,2.000000,230913.359375,1
TY,walkforward_oos,85,960,0.015000,505833,506462,10/09/2008 08:10,10/20/2008 13:55,-1,114.015625,113.061484,629,954.140625,18.625000,935.515625,2.000000,227077.109375,1
TY,walkforward_oos,85,960,0.015000,507681,508624,11/11/2008 08:50,11/27/2008 07:25,1,116.015625,120.770234,943,4754.609375,18.625000,4735.984375,2.000000,236785.859375,1
TY,walkforward_oos,86,1600,0.010000,509047,509071,12/04/2008 13:05,12/05/2008 08:25,1,124.343750,123.394219,24,-949.531250,18.625000,-968.156250,2.000000,247737.968750,1
TY,walkforward_oos,86,1600,0.010000,509539,509866,12/15/2008 07:25,12/19/2008 08:00,1,124.640625,127.416094,327,2775.468750,18.625000,2756.843750,2.000000,252056.718750,1
TY,walkforward_oos,86,1600,0.010000,511765,511871,01/26/2009 10:00,01/27/2009 12:10,-1,123.281250,124.403594,106,-1122.343750,18.625000,-1140.968750,2.000000,247684.843750,1
TY,walkforward_oos,86,1600,0.010000,512037,512204,01/29/2009 12:40,02/02/2009 13:15,-1,123.171875,123.819688,167,-647.812500,18.625000,-666.437500,2.000000,246991.562500,1
TY,walkforward_oos,86,1600,0.010000,512250,512395,02/03/2009 10:25,02/05/2009 09:10,-1,122.593750,122.746562,145,-152.812500,18.625000,-171.437500,2.000000,245340.312500,1
TY,walkforward_oos,86,1600,0.010000,512536,512629,02/09/2009 07:35,02/10/2009 08:40,-1,121.531250,122.509844,93,-978.593750,18.625000,-997.218750,2.000000,244041.093750,1
TY,walkforward_oos,86,1600,0.010000,513550,513710,02/26/2009 07:25,03/02/2009 07:25,-1,121.296875,120.915937,160,380.937500,18.625000,362.312500,2.000000,242212.812500,1
TY,walkforward_oos,87,1280,0.015000,514741,514742,03/18/2009 13:20,03/18/2009 13:25,1,123.093750,124.233125,1,1139.375000,18.625000,1120.750000,2.000000,247326.875000,1
TY,walkforward_oos,87,1280,0.015000,516670,517792,04/23/2009 07:25,05/13/2009 07:35,-1,121.828125,121.514531,1122,313.593750,18.625000,294.968750,2.000000,243342.656250,1
TY,walkforward_oos,88,1280,0.020000,519123,519747,06/04/2009 13:50,06/16/2009 12:30,-1,115.078125,115.052813,624,25.312500,18.625000,6.687500,2.000000,230130.937500,1
TY,walkforward_oos,88,1280,0.020000,520313,521510,06/25/2009 13:00,07/17/2009 08:05,1,116.250000,116.620000,1197,370.000000,18.625000,351.375000,2.000000,232870.000000,1
TY,walkforward_oos,88,1280,0.020000,521900,523082,07/23/2009 13:55,08/13/2009 12:25,-1,116.046875,116.949375,1182,-902.500000,18.625000,-921.125000,2.000000,232996.250000,1
TY,walkforward_oos,89,1280,0.020000,524518,524708,09/09/2009 07:25,09/11/2009 09:55,-1,116.765625,118.312500,190,-1546.875000,18.625000,-1565.500000,2.000000,235078.125000,1
TY,walkforward_oos,89,1280,0.020000,524708,527078,09/11/2009 09:55,10/23/2009 07:25,1,118.312500,117.671875,2370,-640.625000,18.625000,-659.250000,2.000000,235984.375000,1
TY,walkforward_oos,89,1280,0.020000,527078,528042,10/23/2009 07:25,11/10/2009 07:45,-1,117.671875,118.843750,964,-1171.875000,18.625000,-1190.500000,2.000000,236515.625000,1
TY,walkforward_oos,90,1600,0.010000,529435,529593,12/04/2009 07:35,12/08/2009 07:25,-1,117.953125,118.738125,158,-785.000000,18.625000,-803.625000,2.000000,236691.250000,1
TY,walkforward_oos,90,1600,0.010000,529851,531030,12/11/2009 08:55,01/05/2010 08:55,-1,117.562500,116.039531,1179,1522.968750,18.625000,1504.343750,2.000000,233602.031250,1
TY,walkforward_oos,90,1600,0.010000,531982,533150,01/21/2010 10:15,02/11/2010 07:35,1,117.609375,117.763594,1168,154.218750,18.625000,135.593750,2.000000,235372.968750,1
TY,walkforward_oos,90,1600,0.010000,533559,533821,02/18/2010 10:20,02/23/2010 12:10,-1,117.218750,118.059531,262,-840.781250,18.625000,-859.406250,2.000000,235278.281250,1
TY,walkforward_oos,91,1600,0.010000,534429,535041,03/05/2010 09:30,03/16/2010 13:50,-1,116.890625,117.428281,612,-537.656250,18.625000,-556.281250,2.000000,234318.906250,1
TY,walkforward_oos,91,1600,0.010000,535500,536275,03/24/2010 12:05,04/07/2010 13:45,-1,116.265625,115.976406,775,289.218750,18.625000,270.593750,2.000000,232242.031250,1
TY,walkforward_oos,91,1600,0.010000,537079,537959,04/22/2010 07:25,05/07/2010 07:25,1,117.265625,119.836406,880,2570.781250,18.625000,2552.156250,2.000000,237102.031250,1
TY,walkforward_oos,91,1600,0.010000,538695,538999,05/20/2010 08:45,05/26/2010 07:25,1,121.046875,120.934687,304,-112.187500,18.625000,-130.812500,2.000000,241981.562500,1
TY,walkforward_oos,92,1600,0.010000,540655,541680,06/24/2010 07:25,07/13/2010 08:10,1,121.500000,121.800938,1025,300.937500,18.625000,282.312500,2.000000,243300.937500,1
TY,walkforward_oos,92,1600,0.010000,541930,542474,07/16/2010 09:00,07/27/2010 07:40,1,123.031250,122.311406,544,-719.843750,18.625000,-738.468750,2.000000,245342.656250,1
TY,walkforward_oos,93,1600,0.010000,544713,545275,09/03/2010 07:35,09/14/2010 09:45,-1,123.843750,124.387812,562,-544.062500,18.625000,-562.687500,2.000000,248231.562500,1
TY,walkforward_oos,93,1600,0.010000,546061,547094,09/28/2010 08:35,10/15/2010 08:00,1,126.140625,126.379688,1033,239.062500,18.625000,220.437500,2.000000,252520.312500,1
TY,walkforward_oos,93,1600,0.010000,547727,547967,10/27/2010 07:25,11/01/2010 07:25,-1,125.312500,126.376250,240,-1063.750000,18.625000,-1082.375000,2.000000,251688.750000,1
TY,walkforward_oos,93,1600,0.010000,548209,548509,11/04/2010 07:35,11/09/2010 12:35,1,127.656250,126.750937,300,-905.312500,18.625000,-923.937500,2.000000,254407.187500,1
TY,walkforward_oos,93,1600,0.010000,548767,549247,11/15/2010 07:25,11/23/2010 07:25,-1,125.125000,125.287344,480,-162.343750,18.625000,-180.968750,2.000000,250412.343750,1
TY,walkforward_oos,94,1600,0.010000,549682,549844,12/01/2010 07:25,12/03/2010 07:35,-1,124.046875,123.283125,162,763.750000,18.625000,745.125000,2.000000,247330.000000,1
TY,walkforward_oos,94,1600,0.010000,550036,550642,12/07/2010 10:15,12/17/2010 07:25,-1,122.062500,119.716562,606,2345.937500,18.625000,2327.312500,2.000000,241779.062500,1
TY,walkforward_oos,94,1600,0.010000,551834,552303,01/10/2011 08:30,01/18/2011 09:35,1,120.906250,120.269531,469,-636.718750,18.625000,-655.343750,2.000000,241175.781250,1
TY,walkforward_oos,94,1600,0.010000,553319,554043,02/04/2011 07:35,02/17/2011 07:55,-1,119.203125,119.069531,724,133.593750,18.625000,114.968750,2.000000,238272.656250,1
TY,walkforward_oos,95,1600,0.010000,554849,555016,03/03/2011 10:25,03/07/2011 11:00,-1,117.890625,118.738125,167,-847.500000,18.625000,-866.125000,2.000000,236628.750000,1
TY,walkforward_oos,95,1600,0.010000,555399,555638,03/14/2011 09:35,03/17/2011 09:30,1,120.328125,120.609844,239,281.718750,18.625000,263.093750,2.000000,240937.968750,1
TY,walkforward_oos,95,1600,0.010000,556813,557080,04/07/2011 07:25,04/12/2011 09:40,-1,118.281250,119.101094,267,-819.843750,18.625000,-838.468750,2.000000,237382.343750,1
TY,walkforward_oos,96,1600,0.010000,559540,559693,05/26/2011 08:00,05/30/2011 07:25,1,123.359375,122.744531,153,-614.843750,18.625000,-633.468750,2.000000,246103.906250,1
TY,walkforward_oos,96,1600,0.010000,560313,560554,06/09/2011 07:45,06/14/2011 07:50,1,123.984375,122.775469,241,-1208.906250,18.625000,-1227.531250,2.000000,246759.843750,1
TY,walkforward_oos,96,1600,0.010000,560709,561402,06/16/2011 07:25,06/28/2011 11:50,1,124.015625,123.734531,693,-281.093750,18.625000,-299.718750,2.000000,247750.156250,1
TY,walkforward_oos,96,1600,0.010000,561531,561805,06/30/2011 09:15,07/06/2011 07:25,-1,122.453125,122.920156,274,-467.031250,18.625000,-485.656250,2.000000,245373.281250,1
TY,walkforward_oos,96,1600,0.010000,562445,562740,07/18/2011 07:25,07/21/2011 12:00,1,124.984375,123.889219,295,-1095.156250,18.625000,-1113.781250,2.000000,248873.593750,1
TY,walkforward_oos,96,1600,0.010000,563167,563631,07/29/2011 07:35,08/05/2011 12:55,1,125.140625,126.766406,464,1625.781250,18.625000,1607.156250,2.000000,251907.031250,1
TY,walkforward_oos,96,1600,0.010000,563663,563941,08/08/2011 08:55,08/11/2011 12:05,1,128.046875,129.210469,278,1163.593750,18.625000,1144.968750,2.000000,257257.343750,1
TY,walkforward_oos,96,1600,0.010000,564285,564456,08/18/2011 07:25,08/22/2011 08:20,1,130.515625,130.324219,171,-191.406250,18.625000,-210.031250,2.000000,260839.843750,1
TY,walkforward_oos,97,1600,0.010000,566261,566429,09/22/2011 07:25,09/26/2011 08:05,1,131.031250,130.540781,168,-490.468750,18.625000,-509.093750,2.000000,261572.031250,1
TY,walkforward_oos,97,1600,0.010000,567143,567492,10/07/2011 07:35,10/13/2011 10:00,-1,129.062500,128.790781,349,271.718750,18.625000,253.093750,2.000000,257853.281250,1
TY,walkforward_oos,97,1600,0.010000,568317,568421,10/27/2011 12:05,10/31/2011 07:25,-1,127.515625,128.459375,104,-943.750000,18.625000,-962.375000,2.000000,255975.000000,1
TY,walkforward_oos,97,1600,0.010000,568858,569197,11/07/2011 10:30,11/11/2011 12:05,1,130.546875,129.690000,339,-856.875000,18.625000,-875.500000,2.000000,260236.875000,1
TY,walkforward_oos,98,1440,0.010000,569839,569976,11/23/2011 12:15,11/28/2011 07:25,1,131.000000,129.922031,137,-1077.968750,18.625000,-1096.593750,2.000000,260922.031250,1
TY,walkforward_oos,98,1440,0.010000,570136,570600,11/30/2011 07:25,12/07/2011 12:45,-1,129.609375,129.911250,464,-301.875000,18.625000,-320.500000,2.000000,259520.625000,1
TY,walkforward_oos,98,1440,0.010000,571137,571516,12/16/2011 10:50,12/23/2011 09:05,1,131.234375,130.107656,379,-1126.718750,18.625000,-1145.343750,2.000000,261342.031250,1
TY,walkforward_oos,98,1440,0.010000,572548,572920,01/13/2012 08:25,01/20/2012 08:05,1,131.421875,130.417031,372,-1004.843750,18.625000,-1023.468750,2.000000,261838.906250,1
TY,walkforward_oos,98,1440,0.010000,573010,573203,01/23/2012 08:55,01/25/2012 11:40,-1,129.843750,131.110625,193,-1266.875000,18.625000,-1285.500000,2.000000,260954.375000,1
TY,walkforward_oos,98,1440,0.010000,573382,573931,01/27/2012 13:15,02/07/2012 12:20,1,131.734375,130.989375,549,-745.000000,18.625000,-763.625000,2.000000,262723.750000,1
TY,walkforward_oos,99,1280,0.010000,574593,574978,02/20/2012 07:30,02/27/2012 08:15,-1,130.562500,131.678750,385,-1116.250000,18.625000,-1134.875000,2.000000,262241.250000,1
TY,walkforward_oos,99,1280,0.010000,575053,575208,02/28/2012 07:50,03/01/2012 07:25,1,131.812500,130.571719,155,-1240.781250,18.625000,-1259.406250,2.000000,262384.218750,1
TY,walkforward_oos,99,1280,0.010000,575212,576492,03/01/2012 07:45,03/23/2012 07:45,-1,130.375000,128.995937,1280,1379.062500,18.625000,1360.437500,2.000000,259370.937500,1
TY,walkforward_oos,100,1280,0.010000,579602,580676,05/17/2012 10:40,06/06/2012 08:50,1,133.609375,133.603594,1074,-5.781250,18.625000,-24.406250,2.000000,267212.968750,1
TY,walkforward_oos,100,1280,0.010000,581059,582120,06/13/2012 07:25,07/02/2012 09:10,-1,133.125000,134.046875,1061,-921.875000,18.625000,-940.500000,2.000000,267171.875000,1
TY,walkforward_oos,100,1280,0.010000,582120,583658,07/02/2012 09:10,07/27/2012 12:40,1,134.046875,133.906250,1538,-140.625000,18.625000,-159.250000,2.000000,267953.125000,1
TY,walkforward_oos,101,960,0.010000,584661,585118,08/15/2012 09:35,08/23/2012 07:40,-1,132.640625,133.509375,457,-868.750000,18.625000,-887.375000,2.000000,266150.000000,1
TY,walkforward_oos,101,960,0.010000,585195,585891,08/24/2012 07:25,09/06/2012 07:25,1,133.859375,132.922969,696,-936.406250,18.625000,-955.031250,2.000000,266782.343750,1
TY,walkforward_oos,101,960,0.010000,585972,586873,09/07/2012 07:30,09/24/2012 09:15,-1,132.343750,133.035937,901,-692.187500,18.625000,-710.812500,2.000000,265379.687500,1
TY,walkforward_oos,101,960,0.010000,587003,588199,09/25/2012 13:25,10/16/2012 13:05,1,133.093750,132.812500,1196,-281.250000,18.625000,-299.875000,2.000000,265906.250000,1
TY,walkforward_oos,101,960,0.010000,588199,589086,10/16/2012 13:05,10/31/2012 13:40,-1,132.812500,133.004375,887,-191.875000,18.625000,-210.500000,2.000000,265816.875000,1
TY,walkforward_oos,102,960,0.010000,589742,590402,11/13/2012 08:20,11/23/2012 12:00,1,134.125000,133.312500,660,-812.500000,18.625000,-831.125000,2.000000,267437.500000,1
TY,walkforward_oos,102,960,0.010000,590402,593587,11/23/2012 12:00,01/23/2013 09:35,-1,133.312500,132.468750,3185,843.750000,18.625000,825.125000,2.000000,265781.250000,1
TY,walkforward_oos,102,960,0.010000,593587,593796,01/23/2013 09:35,01/25/2013 13:40,1,132.468750,131.453125,209,-1015.625000,18.625000,-1034.250000,2.000000,263921.875000,1
TY,walkforward_oos,103,960,0.010000,595237,595620,02/21/2013 09:05,02/28/2013 07:40,1,131.921875,131.654531,383,-267.343750,18.625000,-285.968750,2.000000,263576.406250,1
TY,walkforward_oos,103,960,0.010000,595937,596577,03/06/2013 07:25,03/18/2013 07:25,-1,131.156250,131.300000,640,-143.750000,18.625000,-162.375000,2.000000,262456.250000,1
TY,walkforward_oos,103,960,0.010000,597036,599239,03/25/2013 12:20,05/03/2013 09:15,1,131.734375,132.890625,2203,1156.250000,18.625000,1137.625000,2.000000,264625.000000,1
TY,walkforward_oos,104,960,0.010000,599825,601161,05/14/2013 11:25,06/06/2013 11:25,-1,131.812500,130.053281,1336,1759.218750,18.625000,1740.593750,2.000000,261865.781250,1
TY,walkforward_oos,104,960,0.010000,601285,601593,06/10/2013 08:25,06/14/2013 07:25,-1,128.765625,129.532500,308,-766.875000,18.625000,-785.500000,2.000000,258298.125000,1
TY,walkforward_oos,104,960,0.010000,601905,602153,06/19/2013 13:25,06/25/2013 07:25,-1,128.250000,126.313125,248,1936.875000,18.625000,1918.250000,2.000000,254563.125000,1
TY,walkforward_oos,104,960,0.010000,602771,603089,07/05/2013 07:35,07/11/2013 07:25,-1,125.062500,125.808125,318,-745.625000,18.625000,-764.250000,2.000000,250870.625000,1
TY,walkforward_oos,104,960,0.010000,603411,604209,07/17/2013 07:35,07/31/2013 07:25,1,126.828125,126.039375,798,-788.750000,18.625000,-807.375000,2.000000,252867.500000,1
TY,walkforward_oos,104,960,0.010000,604211,604436,07/31/2013 07:35,08/02/2013 13:00,-1,125.828125,126.502500,225,-674.375000,18.625000,-693.000000,2.000000,252330.625000,1
TY,walkforward_oos,105,960,0.010000,604854,604957,08/12/2013 07:50,08/13/2013 09:45,1,126.906250,125.714531,103,-1191.718750,18.625000,-1210.343750,2.000000,252620.781250,1
TY,walkforward_oos,105,960,0.010000,605091,605729,08/15/2013 07:35,08/27/2013 07:25,-1,125.250000,125.334688,638,-84.687500,18.625000,-103.312500,2.000000,250584.687500,1
TY,walkforward_oos,105,960,0.010000,605988,606347,08/30/2013 09:00,09/06/2013 07:35,-1,124.093750,123.519844,359,573.906250,18.625000,555.281250,2.000000,247613.593750,1
TY,walkforward_oos,105,960,0.010000,607053,608589,09/18/2013 13:05,10/16/2013 07:45,1,124.734375,125.671875,1536,937.500000,18.625000,918.875000,2.000000,250406.250000,1
TY,walkforward_oos,105,960,0.010000,608589,608691,10/16/2013 07:45,10/17/2013 09:35,-1,125.671875,126.770781,102,-1098.906250,18.625000,-1117.531250,2.000000,252442.656250,1
TY,walkforward_oos,105,960,0.010000,608695,609586,10/17/2013 09:55,11/01/2013 10:50,1,126.859375,126.781875,891,-77.500000,18.625000,-96.125000,2.000000,253641.250000,1
TY,walkforward_oos,106,960,0.010000,609947,610445,11/08/2013 07:35,11/18/2013 09:05,-1,126.390625,127.023281,498,-632.656250,18.625000,-651.281250,2.000000,253413.906250,1
TY,walkforward_oos,106,960,0.010000,611065,613321,11/28/2013 07:25,01/10/2014 07:35,-1,125.765625,123.875000,2256,1890.625000,18.625000,1872.000000,2.000000,249640.625000,1
TY,walkforward_oos,107,1280,0.015000,616071,618391,02/28/2014 07:25,04/10/2014 07:25,-1,125.093750,124.421875,2320,671.875000,18.625000,653.250000,2.000000,249515.625000,1
TY,walkforward_oos,108,1280,0.015000,619921,621287,05/08/2014 08:15,06/02/2014 10:45,1,124.968750,124.864141,1366,-104.609375,18.625000,-123.234375,2.000000,249832.890625,1
TY,walkforward_oos,108,1280,0.015000,621341,622610,06/03/2014 08:35,06/25/2014 07:40,-1,124.671875,124.968750,1269,-296.875000,18.625000,-315.500000,2.000000,249640.625000,1
TY,walkforward_oos,108,1280,0.015000,622610,623089,06/25/2014 07:40,07/03/2014 07:35,1,124.968750,123.828125,479,-1140.625000,18.625000,-1159.250000,2.000000,248796.875000,1
TY,walkforward_oos,108,1280,0.015000,623089,623463,07/03/2014 07:35,07/10/2014 07:25,-1,123.828125,125.281250,374,-1453.125000,18.625000,-1471.750000,2.000000,249109.375000,1
TY,walkforward_oos,108,1280,0.015000,623463,624665,07/10/2014 07:25,07/31/2014 07:35,1,125.281250,124.421875,1202,-859.375000,18.625000,-878.000000,2.000000,249703.125000,1
TY,walkforward_oos,108,1280,0.015000,624665,624850,07/31/2014 07:35,08/04/2014 09:40,-1,124.421875,125.546875,185,-1125.000000,18.625000,-1143.625000,2.000000,249968.750000,1
TY,walkforward_oos,109,960,0.015000,624983,626479,08/06/2014 07:25,09/02/2014 07:25,1,125.562500,125.609375,1496,46.875000,18.625000,28.250000,2.000000,251171.875000,1
TY,walkforward_oos,109,960,0.015000,626479,627903,09/02/2014 07:25,09/25/2014 12:45,-1,125.609375,124.734375,1424,875.000000,18.625000,856.375000,2.000000,250343.750000,1
TY,walkforward_oos,109,960,0.015000,627903,629033,09/25/2014 12:45,10/15/2014 13:35,1,124.734375,128.573281,1130,3838.906250,18.625000,3820.281250,2.000000,253307.656250,1
TY,walkforward_oos,110,1600,0.015000,630319,631339,11/07/2014 07:25,11/25/2014 12:25,-1,125.953125,127.031250,1020,-1078.125000,18.625000,-1096.750000,2.000000,252984.375000,1
TY,walkforward_oos,110,1600,0.015000,631339,631876,11/25/2014 12:25,12/05/2014 07:35,1,127.031250,125.843750,537,-1187.500000,18.625000,-1206.125000,2.000000,252875.000000,1
TY,walkforward_oos,110,1600,0.015000,631876,632304,12/05/2014 07:35,12/12/2014 09:55,-1,125.843750,127.484375,428,-1640.625000,18.625000,-1659.250000,2.000000,253328.125000,1
TY,walkforward_oos,110,1600,0.015000,632304,632912,12/12/2014 09:55,12/23/2014 13:55,1,127.484375,126.033828,608,-1450.546875,18.625000,-1469.171875,2.000000,253518.203125,1
TY,walkforward_oos,110,1600,0.015000,632922,633391,12/24/2014 08:05,01/05/2015 08:55,-1,125.734375,127.541094,469,-1806.718750,18.625000,-1825.343750,2.000000,253275.468750,1
TY,walkforward_oos,110,1600,0.015000,633453,634389,01/06/2015 07:25,01/22/2015 07:25,1,127.953125,128.973437,936,1020.312500,18.625000,1001.687500,2.000000,256926.562500,1
TY,walkforward_oos,111,960,0.015000,635300,636353,02/06/2015 10:00,02/25/2015 13:05,-1,128.734375,128.796875,1053,-62.500000,18.625000,-81.125000,2.000000,257531.250000,1
TY,walkforward_oos,111,960,0.015000,636353,636604,02/25/2015 13:05,03/02/2015 14:00,1,128.796875,127.140625,251,-1656.250000,18.625000,-1674.875000,2.000000,255937.500000,1
TY,walkforward_oos,111,960,0.015000,636604,637490,03/02/2015 14:00,03/18/2015 07:50,-1,127.140625,127.796875,886,-656.250000,18.625000,-674.875000,2.000000,254937.500000,1
TY,walkforward_oos,111,960,0.015000,637490,639840,03/18/2015 07:50,04/29/2015 07:25,1,127.796875,128.671875,2350,875.000000,18.625000,856.375000,2.000000,256468.750000,1
TY,walkforward_oos,112,1600,0.015000,640118,642698,05/04/2015 10:35,06/18/2015 07:35,-1,127.734375,126.367500,2580,1366.875000,18.625000,1348.250000,2.000000,254101.875000,1
TY,walkforward_oos,112,1600,0.015000,643634,644032,07/06/2015 07:35,07/13/2015 07:25,1,126.640625,125.649062,398,-991.562500,18.625000,-1010.187500,2.000000,252289.687500,1
TY,walkforward_oos,113,960,0.020000,645154,646868,07/31/2015 07:35,08/31/2015 10:25,1,127.281250,127.292812,1714,11.562500,18.625000,-7.062500,2.000000,254574.062500,1
TY,walkforward_oos,113,960,0.020000,646898,648115,08/31/2015 12:55,09/22/2015 09:40,-1,127.125000,127.984375,1217,-859.375000,18.625000,-878.000000,2.000000,255109.375000,1
TY,walkforward_oos,114,960,0.015000,650236,651688,10/28/2015 13:05,11/24/2015 07:25,-1,128.281250,126.953125,1452,1328.125000,18.625000,1309.500000,2.000000,255234.375000,1
TY,walkforward_oos,114,960,0.015000,651688,652206,11/24/2015 07:25,12/03/2015 07:40,1,126.953125,126.312500,518,-640.625000,18.625000,-659.250000,2.000000,253265.625000,1
TY,walkforward_oos,114,960,0.015000,652206,652744,12/03/2015 07:40,12/11/2015 12:30,-1,126.312500,127.078125,538,-765.625000,18.625000,-784.250000,2.000000,253390.625000,1
TY,walkforward_oos,115,960,0.020000,655278,657036,01/29/2016 07:25,03/01/2016 09:15,1,129.250000,130.187500,1758,937.500000,18.625000,918.875000,2.000000,259437.500000,1
TY,walkforward_oos,115,960,0.020000,657036,658534,03/01/2016 09:15,03/29/2016 07:25,-1,130.187500,129.484375,1498,703.125000,18.625000,684.500000,2.000000,259671.875000,1
TY,walkforward_oos,115,960,0.020000,658534,659860,03/29/2016 07:25,04/20/2016 11:15,1,129.484375,130.203125,1326,718.750000,18.625000,700.125000,2.000000,259687.500000,1
TY,walkforward_oos,116,960,0.015000,660736,661485,05/05/2016 10:55,05/18/2016 13:20,1,130.546875,129.656250,749,-890.625000,18.625000,-909.250000,2.000000,260203.125000,1
TY,walkforward_oos,116,960,0.015000,661485,662352,05/18/2016 13:20,06/03/2016 07:35,-1,129.656250,130.546875,867,-890.625000,18.625000,-909.250000,2.000000,260203.125000,1
TY,walkforward_oos,116,960,0.015000,662352,663474,06/03/2016 07:35,06/23/2016 07:45,1,130.546875,130.843750,1122,296.875000,18.625000,278.250000,2.000000,261390.625000,1
TY,walkforward_oos,116,960,0.015000,663474,663550,06/23/2016 07:45,06/24/2016 07:25,-1,130.843750,132.703125,76,-1859.375000,18.625000,-1878.000000,2.000000,263546.875000,1
TY,walkforward_oos,116,960,0.015000,663550,664648,06/24/2016 07:25,07/14/2016 07:35,1,132.703125,132.359375,1098,-343.750000,18.625000,-362.375000,2.000000,265062.500000,1
TY,walkforward_oos,117,960,0.015000,665559,667146,07/29/2016 10:10,08/26/2016 09:05,1,132.937500,131.828125,1587,-1109.375000,18.625000,-1128.000000,2.000000,264765.625000,1
TY,walkforward_oos,117,960,0.015000,667146,668805,08/26/2016 09:05,09/26/2016 09:20,-1,131.828125,131.265625,1659,562.500000,18.625000,543.875000,2.000000,263093.750000,1
TY,walkforward_oos,117,960,0.015000,668805,669433,09/26/2016 09:20,10/06/2016 08:20,1,131.265625,130.062500,628,-1203.125000,18.625000,-1221.750000,2.000000,261328.125000,1
TY,walkforward_oos,118,960,0.015000,670387,670632,10/24/2016 07:50,10/27/2016 08:15,1,130.484375,129.546875,245,-937.500000,18.625000,-956.125000,2.000000,260031.250000,1
TY,walkforward_oos,118,960,0.015000,670632,674417,10/27/2016 08:15,01/05/2017 07:25,-1,129.546875,124.328125,3785,5218.750000,18.625000,5200.125000,2.000000,253875.000000,1
TY,walkforward_oos,118,960,0.015000,674417,675273,01/05/2017 07:25,01/20/2017 07:25,1,124.328125,123.859375,856,-468.750000,18.625000,-487.375000,2.000000,248187.500000,1
TY,walkforward_oos,119,1920,0.015000,676327,677489,02/08/2017 08:35,03/01/2017 07:25,1,125.406250,123.771406,1162,-1634.843750,18.625000,-1653.468750,2.000000,249177.656250,1
TY,walkforward_oos,119,1920,0.015000,677569,678701,03/02/2017 07:25,03/22/2017 08:25,-1,123.609375,124.559531,1132,-950.156250,18.625000,-968.781250,2.000000,248168.906250,1
TY,walkforward_oos,120,1920,0.015000,681889,684265,05/18/2017 07:25,06/29/2017 07:25,1,126.515625,125.859375,2376,-656.250000,18.625000,-674.875000,2.000000,252375.000000,1
TY,walkforward_oos,121,1920,0.015000,686320,688844,08/03/2017 14:00,09/18/2017 13:00,1,126.375000,126.031250,2524,-343.750000,18.625000,-362.375000,2.000000,252406.250000,1
TY,walkforward_oos,123,1920,0.015000,695585,699484,01/17/2018 13:50,03/28/2018 07:25,-1,122.625000,121.015625,3899,1609.375000,18.625000,1590.750000,2.000000,243640.625000,1
TY,walkforward_oos,124,1920,0.015000,700778,702844,04/20/2018 08:35,05/28/2018 07:25,-1,119.687500,119.984375,2066,-296.875000,18.625000,-315.500000,2.000000,239671.875000,1
TY,walkforward_oos,124,1920,0.015000,702844,703290,05/28/2018 07:25,06/04/2018 13:15,1,119.984375,119.477422,446,-506.953125,18.625000,-525.578125,2.000000,239461.796875,1
TY,walkforward_oos,125,1280,0.010000,705838,707151,07/19/2018 07:35,08/10/2018 10:20,-1,119.953125,120.268906,1313,-315.781250,18.625000,-334.406250,2.000000,240222.031250,1
TY,walkforward_oos,125,1280,0.010000,707183,708472,08/10/2018 13:00,09/04/2018 09:05,1,120.328125,119.968750,1289,-359.375000,18.625000,-378.000000,2.000000,240296.875000,1
TY,walkforward_oos,126,1280,0.010000,711492,712104,10/26/2018 07:25,11/06/2018 11:45,1,118.687500,117.995625,612,-691.875000,18.625000,-710.500000,2.000000,236683.125000,1
TY,walkforward_oos,126,1280,0.010000,712257,712595,11/08/2018 11:10,11/14/2018 12:40,-1,117.796875,118.911719,338,-1114.843750,18.625000,-1133.468750,2.000000,236708.593750,1
TY,walkforward_oos,126,1280,0.010000,712735,715346,11/16/2018 11:00,01/08/2019 07:25,1,119.187500,121.940156,2611,2752.656250,18.625000,2734.031250,2.000000,241127.656250,1
TY,walkforward_oos,129,1920,0.020000,726013,726991,07/16/2019 11:00,08/01/2019 12:30,-1,126.765625,128.359375,978,-1593.750000,18.625000,-1612.375000,2.000000,255125.000000,1
TY,walkforward_oos,129,1920,0.020000,726991,729328,08/01/2019 12:30,09/12/2019 09:15,1,128.359375,129.758125,2337,1398.750000,18.625000,1380.125000,2.000000,258117.500000,1
TY,walkforward_oos,129,1920,0.020000,729346,730464,09/12/2019 10:45,10/02/2019 10:35,-1,129.531250,131.117813,1118,-1586.562500,18.625000,-1605.187500,2.000000,260649.062500,1
TY,walkforward_oos,131,1920,0.020000,736521,739347,01/21/2020 09:30,03/10/2020 13:40,1,129.562500,137.751250,2826,8188.750000,18.625000,8170.125000,2.000000,267313.750000,1
TY,walkforward_oos,132,1920,0.030000,741374,744070,04/16/2020 09:15,06/03/2020 09:15,1,139.390625,138.265625,2696,-1125.000000,18.625000,-1143.625000,2.000000,277656.250000,1
TY,walkforward_oos,132,1920,0.030000,744070,745513,06/03/2020 09:15,06/29/2020 09:30,-1,138.265625,139.312500,1443,-1046.875000,18.625000,-1065.500000,2.000000,277578.125000,1
TY,walkforward_oos,133,1920,0.020000,746144,748026,07/09/2020 10:45,08/12/2020 07:35,1,139.437500,139.015625,1882,-421.875000,18.625000,-440.500000,2.000000,278453.125000,1
TY,walkforward_oos,135,1280,0.010000,756174,757220,01/06/2021 07:25,01/25/2021 09:55,-1,137.609375,137.391562,1046,217.812500,18.625000,199.187500,2.000000,275000.937500,1
TY,walkforward_oos,135,1280,0.010000,757917,759175,02/05/2021 08:00,03/01/2021 08:10,-1,136.546875,133.288438,1258,3258.437500,18.625000,3239.812500,2.000000,269835.312500,1
TY,walkforward_oos,136,3200,0.010000,761121,761761,04/05/2021 07:25,04/15/2021 07:25,-1,130.906250,132.104844,640,-1198.593750,18.625000,-1217.218750,2.000000,263011.093750,1
TY,walkforward_oos,136,3200,0.010000,763043,763283,05/07/2021 07:35,05/12/2021 07:35,1,132.750000,132.180469,240,-569.531250,18.625000,-588.156250,2.000000,264930.468750,1
TY,walkforward_oos,137,3200,0.010000,766371,768195,07/06/2021 08:55,08/06/2021 07:35,1,133.062500,134.083125,1824,1020.625000,18.625000,1002.000000,2.000000,267145.625000,1
TY,walkforward_oos,138,3200,0.010000,771129,773320,09/28/2021 07:25,11/04/2021 10:00,-1,131.609375,131.331562,2191,277.812500,18.625000,259.187500,2.000000,262940.937500,1
TY,walkforward_oos,138,3200,0.010000,774314,774545,11/22/2021 12:50,11/26/2021 07:25,-1,130.031250,130.795000,231,-763.750000,18.625000,-782.375000,2.000000,260826.250000,1
TY,walkforward_oos,139,3200,0.010000,776577,777708,01/03/2022 11:50,01/24/2022 08:05,-1,129.500000,128.601406,1131,898.593750,18.625000,879.968750,2.000000,258101.406250,1
TY,walkforward_oos,139,3200,0.010000,778422,779300,02/04/2022 07:35,02/21/2022 07:25,-1,127.328125,126.833906,878,494.218750,18.625000,475.593750,2.000000,254162.031250,1
TY,walkforward_oos,140,3200,0.010000,781206,781476,03/25/2022 08:15,03/30/2022 10:45,-1,122.609375,122.636094,270,-26.718750,18.625000,-45.343750,2.000000,245245.468750,1
TY,walkforward_oos,140,3200,0.010000,781778,782205,04/05/2022 09:15,04/12/2022 11:30,-1,121.421875,120.805469,427,616.406250,18.625000,597.781250,2.000000,242227.343750,1
TY,walkforward_oos,140,3200,0.010000,782396,782796,04/18/2022 07:25,04/25/2022 07:25,-1,119.609375,119.621875,400,-12.500000,18.625000,-31.125000,2.000000,239231.250000,1
TY,walkforward_oos,140,3200,0.010000,783213,783676,05/02/2022 08:50,05/10/2022 07:25,-1,118.437500,118.738125,463,-300.625000,18.625000,-319.250000,2.000000,237175.625000,1
TY,walkforward_oos,140,3200,0.010000,785494,785807,06/10/2022 07:35,06/15/2022 13:40,-1,117.562500,115.518750,313,2043.750000,18.625000,2025.125000,2.000000,233081.250000,1
TY,walkforward_oos,141,3200,0.010000,788168,788435,07/28/2022 07:45,08/02/2022 10:00,1,120.515625,120.764531,267,248.906250,18.625000,230.281250,2.000000,241280.156250,1
TY,walkforward_oos,142,3200,0.010000,791328,791663,09/21/2022 13:05,09/28/2022 07:40,-1,113.640625,111.794375,335,1846.250000,18.625000,1827.625000,2.000000,225435.000000,1
TY,walkforward_oos,142,3200,0.010000,792542,792600,10/13/2022 07:35,10/13/2022 12:25,-1,110.687500,111.163125,58,-475.625000,18.625000,-494.250000,2.000000,221850.625000,1
TY,walkforward_oos,142,3200,0.010000,792862,793064,10/19/2022 07:35,10/21/2022 11:05,-1,110.062500,109.947969,202,114.531250,18.625000,95.906250,2.000000,220010.468750,1
TY,walkforward_oos,142,3200,0.010000,795283,795888,11/30/2022 13:05,12/12/2022 10:10,1,113.421875,114.051094,605,629.218750,18.625000,610.593750,2.000000,227472.968750,1
TY,walkforward_oos,142,3200,0.010000,795937,796186,12/13/2022 07:35,12/16/2022 08:20,1,115.203125,114.205781,249,-997.343750,18.625000,-1015.968750,2.000000,229408.906250,1
TY,walkforward_oos,143,3200,0.010000,797594,798073,01/12/2023 12:20,01/23/2023 07:35,1,115.359375,114.778125,479,-581.250000,18.625000,-599.875000,2.000000,230137.500000,1
TY,walkforward_oos,143,3200,0.010000,798718,798793,02/02/2023 08:00,02/03/2023 07:35,1,115.937500,114.840000,75,-1097.500000,18.625000,-1116.125000,2.000000,230777.500000,1
TY,walkforward_oos,143,3200,0.010000,799516,800066,02/16/2023 07:50,02/27/2023 09:00,-1,111.875000,111.762812,550,112.187500,18.625000,93.562500,2.000000,223637.812500,1
TY,walkforward_oos,143,3200,0.010000,800287,800447,03/02/2023 07:25,03/06/2023 07:25,-1,110.656250,111.494531,160,-838.281250,18.625000,-856.906250,2.000000,222150.781250,1
TY,walkforward_oos,143,3200,0.010000,801115,801127,03/16/2023 09:45,03/16/2023 10:45,1,116.000000,114.870937,12,-1129.062500,18.625000,-1147.687500,2.000000,230870.937500,1
TY,walkforward_oos,144,1280,0.010000,801563,801647,03/23/2023 13:45,03/27/2023 07:25,1,116.031250,115.814531,84,-216.718750,18.625000,-235.343750,2.000000,231845.781250,1
TY,walkforward_oos,144,1280,0.010000,802962,803282,04/19/2023 07:25,04/25/2023 07:25,-1,114.218750,115.108438,320,-889.687500,18.625000,-908.312500,2.000000,229327.187500,1
TY,walkforward_oos,144,1280,0.010000,803830,803924,05/03/2023 13:05,05/05/2023 07:35,1,116.250000,115.830000,94,-420.000000,18.625000,-438.625000,2.000000,232080.000000,1
TY,walkforward_oos,144,1280,0.010000,804637,805202,05/17/2023 13:40,05/29/2023 07:25,-1,114.484375,113.293594,565,1190.781250,18.625000,1172.156250,2.000000,227777.968750,1
TY,walkforward_oos,145,1280,0.010000,807001,807610,06/29/2023 08:00,07/11/2023 07:25,-1,112.390625,111.257812,609,1132.812500,18.625000,1114.187500,2.000000,223648.437500,1
TY,walkforward_oos,145,1280,0.010000,808843,809065,08/01/2023 10:10,08/04/2023 08:40,-1,110.859375,110.847500,222,11.875000,18.625000,-6.750000,2.000000,221706.875000,1
TY,walkforward_oos,145,1280,0.010000,809610,810150,08/15/2023 07:25,08/23/2023 12:25,-1,109.750000,109.963750,540,-213.750000,18.625000,-232.375000,2.000000,219713.750000,1
TY,walkforward_oos,146,1440,0.010000,811734,812228,09/20/2023 13:05,09/29/2023 07:35,-1,109.093750,108.290937,494,802.812500,18.625000,784.187500,2.000000,217384.687500,1
TY,walkforward_oos,146,1440,0.010000,812352,812706,10/02/2023 11:15,10/09/2023 07:25,-1,107.218750,107.265156,354,-46.406250,18.625000,-65.031250,2.000000,214483.906250,1
TY,walkforward_oos,146,1440,0.010000,813250,813557,10/17/2023 12:45,10/23/2023 11:40,-1,106.203125,106.381406,307,-178.281250,18.625000,-196.906250,2.000000,212584.531250,1
TY,walkforward_oos,146,1440,0.010000,814236,814331,11/03/2023 08:15,11/06/2023 09:30,1,108.500000,107.693438,95,-806.562500,18.625000,-825.187500,2.000000,216193.437500,1
TY,walkforward_oos,146,1440,0.010000,814798,816183,11/14/2023 08:25,12/08/2023 07:35,1,108.781250,110.168437,1385,1387.187500,18.625000,1368.562500,2.000000,218949.687500,1
TY,walkforward_oos,147,1440,0.010000,816489,817381,12/13/2023 13:05,01/02/2024 07:25,1,111.281250,112.225781,892,944.531250,18.625000,925.906250,2.000000,223507.031250,1
TY,walkforward_oos,147,1440,0.010000,818361,819037,01/18/2024 11:05,01/31/2024 07:25,-1,111.203125,111.920625,676,-717.500000,18.625000,-736.125000,2.000000,223123.750000,1
TY,walkforward_oos,147,1440,0.010000,819134,819199,02/01/2024 08:50,02/02/2024 07:35,1,112.828125,112.071094,65,-757.031250,18.625000,-775.656250,2.000000,224899.218750,1
TY,walkforward_oos,147,1440,0.010000,819297,820699,02/05/2024 09:05,02/29/2024 07:55,-1,110.812500,110.405625,1402,406.875000,18.625000,388.250000,2.000000,221218.125000,1
TY,walkforward_oos,147,1440,0.010000,820953,821413,03/05/2024 09:05,03/13/2024 07:25,1,111.218750,111.019219,460,-199.531250,18.625000,-218.156250,2.000000,222237.968750,1
TY,walkforward_oos,148,1440,0.010000,822453,824212,04/02/2024 07:25,05/01/2024 14:00,-1,109.765625,108.196250,1759,1569.375000,18.625000,1550.750000,2.000000,217961.875000,1
TY,walkforward_oos,148,1440,0.010000,824933,825430,05/15/2024 07:25,05/23/2024 08:50,1,109.296875,108.807187,497,-489.687500,18.625000,-508.312500,2.000000,218104.062500,1
TY,walkforward_oos,148,1440,0.010000,825725,825949,05/29/2024 08:45,06/03/2024 07:25,-1,108.250000,109.048438,224,-798.437500,18.625000,-817.062500,2.000000,217298.437500,1
TY,walkforward_oos,148,1440,0.010000,826046,826272,06/04/2024 08:50,06/07/2024 07:40,1,109.906250,109.549688,226,-356.562500,18.625000,-375.187500,2.000000,219455.937500,1
TY,walkforward_oos,149,1440,0.010000,826563,827367,06/12/2024 11:55,06/27/2024 07:35,1,110.656250,109.920937,804,-735.312500,18.625000,-753.937500,2.000000,220577.187500,1
TY,walkforward_oos,149,1440,0.010000,828143,829546,07/11/2024 07:35,08/05/2024 11:10,1,110.906250,113.958281,1403,3052.031250,18.625000,3033.406250,2.000000,224864.531250,1
TY,walkforward_oos,150,1280,0.010000,831600,832124,09/10/2024 11:00,09/19/2024 08:00,1,115.406250,114.515156,524,-891.093750,18.625000,-909.718750,2.000000,229921.406250,1
TY,walkforward_oos,150,1280,0.010000,832542,834997,09/26/2024 09:30,11/08/2024 07:25,-1,114.296875,110.326719,2455,3970.156250,18.625000,3951.531250,2.000000,224623.593750,1
TY,walkforward_oos,150,1280,0.010000,835319,835558,11/14/2024 07:35,11/19/2024 07:30,-1,109.234375,110.026875,239,-792.500000,18.625000,-811.125000,2.000000,219261.250000,1
TY,walkforward_oos,151,1280,0.010000,837112,838603,12/17/2024 07:25,01/15/2025 08:30,-1,109.593750,108.275156,1491,1318.593750,18.625000,1299.968750,2.000000,217868.906250,1
TY,walkforward_oos,151,1280,0.010000,839206,840110,01/27/2025 07:25,02/11/2025 09:25,1,109.031250,108.900000,904,-131.250000,18.625000,-149.875000,2.000000,217931.250000,1
TY,walkforward_oos,151,1280,0.010000,840178,840328,02/12/2025 08:25,02/14/2025 07:35,-1,108.187500,109.206250,150,-1018.750000,18.625000,-1037.375000,2.000000,217393.750000,1
TY,walkforward_oos,151,1280,0.010000,840862,841373,02/25/2025 07:25,03/05/2025 10:00,1,110.000000,110.910938,511,910.937500,18.625000,892.312500,2.000000,220910.937500,1
TY,walkforward_oos,152,1280,0.010000,842462,842782,03/25/2025 07:25,03/31/2025 07:25,-1,110.390625,111.546875,320,-1156.250000,18.625000,-1174.875000,2.000000,221937.500000,1
TY,walkforward_oos,152,1280,0.010000,842782,843187,03/31/2025 07:25,04/07/2025 07:50,1,111.546875,112.813594,405,1266.718750,18.625000,1248.093750,2.000000,224360.468750,1
TY,walkforward_oos,152,1280,0.010000,843342,843424,04/09/2025 07:25,04/10/2025 07:35,-1,110.296875,111.147344,82,-850.468750,18.625000,-869.093750,2.000000,221444.218750,1
TY,walkforward_oos,152,1280,0.010000,843511,843594,04/11/2025 08:10,04/14/2025 08:25,-1,110.046875,110.342500,83,-295.625000,18.625000,-314.250000,2.000000,220389.375000,1
TY,walkforward_oos,152,1280,0.010000,844542,844624,05/01/2025 07:25,05/02/2025 07:35,1,112.390625,111.514219,82,-876.406250,18.625000,-895.031250,2.000000,223904.843750,1
TY,walkforward_oos,152,1280,0.010000,845102,846006,05/12/2025 07:25,05/27/2025 11:25,-1,110.578125,110.500313,904,77.812500,18.625000,59.187500,2.000000,221078.437500,1
TY,walkforward_oos,152,1280,0.010000,846458,846602,06/04/2025 09:05,06/06/2025 07:45,1,110.921875,110.338594,144,-583.281250,18.625000,-601.906250,2.000000,221260.468750,1
TY,walkforward_oos,153,960,0.010000,846840,846918,06/11/2025 07:35,06/12/2025 07:25,-1,109.890625,110.973750,78,-1083.125000,18.625000,-1101.750000,2.000000,220864.375000,1
TY,walkforward_oos,153,960,0.010000,847478,848096,06/23/2025 09:25,07/03/2025 07:35,1,111.453125,111.127500,618,-325.625000,18.625000,-344.250000,2.000000,222580.625000,1
TY,walkforward_oos,153,960,0.010000,848632,849130,07/14/2025 07:35,07/22/2025 09:05,-1,110.671875,111.368281,498,-696.406250,18.625000,-715.031250,2.000000,222040.156250,1
TY,walkforward_oos,154,960,0.010000,852048,852462,09/11/2025 07:35,09/18/2025 08:45,1,113.671875,112.767188,414,-904.687500,18.625000,-923.312500,2.000000,226439.062500,1
TY,walkforward_oos,154,960,0.010000,852644,853758,09/22/2025 10:35,10/10/2025 10:05,-1,112.718750,112.968750,1114,-250.000000,18.625000,-268.625000,2.000000,225687.500000,1
TY,walkforward_oos,154,960,0.010000,853758,854841,10/10/2025 10:05,10/29/2025 13:40,1,112.968750,113.093750,1083,125.000000,18.625000,106.375000,2.000000,226062.500000,1
TY,walkforward_oos,154,960,0.010000,854841,856126,10/29/2025 13:40,11/21/2025 07:25,-1,113.093750,113.140625,1285,-46.875000,18.625000,-65.500000,2.000000,226234.375000,1
TY,walkforward_oos,155,960,0.010000,856967,860198,12/08/2025 07:55,02/05/2026 07:35,-1,112.359375,111.921875,3231,437.500000,18.625000,418.875000,2.000000,224281.250000,1
TY,walkforward_oos,155,960,0.010000,860198,861612,02/05/2026 07:35,03/03/2026 07:25,1,111.921875,112.671875,1414,750.000000,18.625000,731.375000,2.000000,224593.750000,1
