Period,Family,entry_bar,exit_bar,entry_time,exit_time,direction,entry_price,exit_price,duration_bars,pnl,slippage,is_oos,L,S
1,tf,80972,82870,1987-06-12 11:45:00,1987-07-21 13:55:00,1,96.625,96.09375,1898,-549.875,18.625,True,960,0.02
1,tf,82870,84134,1987-07-21 13:55:00,1987-08-14 11:15:00,-1,96.09375,95.75,1264,325.125,18.625,True,960,0.02
1,tf,84134,84744,1987-08-14 11:15:00,1987-08-27 08:05:00,1,95.75,94.40625,610,-1362.375,18.625,True,960,0.02
1,tf,84744,85513,1987-08-27 08:05:00,1987-09-11 12:10:00,-1,94.40625,90.748125,769,3639.499999999998,18.625,True,960,0.02
2,tf,86334,87232,1987-09-29 08:35:00,1987-10-15 11:25:00,-1,89.375,86.5725,898,2783.874999999995,18.625,True,960,0.02
2,tf,87480,87645,1987-10-21 08:05:00,1987-10-23 09:50:00,1,89.5,92.94687499999999,165,3428.2499999999914,18.625,True,960,0.02
2,tf,88302,89281,1987-11-05 10:35:00,1987-11-25 08:10:00,1,94.84375,93.53125,979,-1331.125,18.625,True,960,0.02
2,tf,89281,90338,1987-11-25 08:10:00,1987-12-16 12:15:00,-1,93.53125,92.405625,1057,1106.9999999999995,18.625,True,960,0.02
3,tf,90720,91371,1987-12-24 08:05:00,1988-01-08 08:20:00,1,93.90625,92.824375,651,-1100.4999999999966,18.625,True,960,0.02
3,tf,91434,91728,1988-01-08 13:35:00,1988-01-15 08:05:00,-1,92.71875,94.71875,294,-2018.625,18.625,True,960,0.02
3,tf,91728,94200,1988-01-15 08:05:00,1988-03-04 10:05:00,1,94.71875,96.9375,2472,2200.125,18.625,True,960,0.02
4,tf,96264,98855,1988-04-15 08:05:00,1988-06-06 14:00:00,-1,94.4375,92.90625,2591,1512.625,18.625,True,960,0.02
4,tf,98855,99438,1988-06-06 14:00:00,1988-06-17 08:35:00,1,92.90625,92.94687499999999,583,21.999999999991473,18.625,True,960,0.02
5,tf,101469,101635,1988-07-28 09:50:00,1988-08-01 11:40:00,-1,92.0,92.8125,166,-831.125,18.625,True,960,0.02
5,tf,101635,102067,1988-08-01 11:40:00,1988-08-09 11:40:00,1,92.8125,92.0,432,-831.125,18.625,True,960,0.02
5,tf,102067,103103,1988-08-09 11:40:00,1988-08-29 14:00:00,-1,92.0,91.8125,1036,168.875,18.625,True,960,0.02
5,tf,103103,104536,1988-08-29 14:00:00,1988-09-27 13:25:00,1,91.8125,93.125,1433,1293.875,18.625,True,960,0.02
5,tf,104536,104905,1988-09-27 13:25:00,1988-10-05 08:10:00,-1,93.125,94.53125,369,-1424.875,18.625,True,960,0.02
6,tf,106089,106560,1988-10-27 10:50:00,1988-11-07 07:25:00,1,95.34375,94.4375,471,-924.875,18.625,True,960,0.02
6,tf,106560,108234,1988-11-07 07:25:00,1988-12-06 13:35:00,-1,94.4375,93.71875,1674,700.125,18.625,True,960,0.02
6,tf,108234,108640,1988-12-06 13:35:00,1988-12-14 07:25:00,1,93.71875,92.4375,406,-1299.875,18.625,True,960,0.02
6,tf,108640,110258,1988-12-14 07:25:00,1989-01-13 08:55:00,-1,92.4375,93.21875,1618,-799.875,18.625,True,960,0.02
7,tf,110893,111816,1989-01-25 08:30:00,1989-02-09 12:05:00,1,94.25,93.25,923,-1018.625,18.625,True,960,0.04
7,tf,111816,114560,1989-02-09 12:05:00,1989-04-03 07:25:00,-1,93.25,92.15625,2744,1075.125,18.625,True,960,0.04
8,tf,115922,116737,1989-04-26 07:35:00,1989-05-10 08:50:00,1,93.53125,92.6875,815,-862.375,18.625,True,960,0.04
8,tf,116737,116882,1989-05-10 08:50:00,1989-05-12 07:35:00,-1,92.6875,94.15625,145,-1487.375,18.625,True,960,0.04
8,tf,116882,119128,1989-05-12 07:35:00,1989-06-22 08:05:00,1,94.15625,97.15625,2246,2981.375,18.625,True,960,0.04
8,tf,119128,119607,1989-06-22 08:05:00,1989-06-30 08:00:00,-1,97.15625,98.9375,479,-1799.875,18.625,True,960,0.04
9,tf,121042,121840,1989-07-27 07:35:00,1989-08-10 07:25:00,1,100.1875,99.375,798,-831.125,18.625,True,960,0.04
9,tf,121840,123531,1989-08-10 07:25:00,1989-09-11 08:20:00,-1,99.375,98.71875,1691,637.625,18.625,True,960,0.04
9,tf,123531,124237,1989-09-11 08:20:00,1989-09-21 13:50:00,1,98.71875,98.25,706,-487.375,18.625,True,960,0.04
9,tf,124237,125042,1989-09-21 13:50:00,1989-10-06 07:35:00,-1,98.25,99.03125,805,-799.875,18.625,True,960,0.04
10,tf,126737,126986,1989-11-06 08:50:00,1989-11-09 09:35:00,-1,99.46875,100.8125,249,-1362.375,18.625,True,960,0.04
10,tf,126986,128562,1989-11-09 09:35:00,1989-12-08 07:35:00,1,100.8125,100.0625,1576,-768.625,18.625,True,960,0.04
10,tf,128562,128888,1989-12-08 07:35:00,1989-12-14 08:05:00,-1,100.0625,100.84375,326,-799.875,18.625,True,960,0.04
10,tf,128888,129499,1989-12-14 08:05:00,1989-12-26 12:20:00,1,100.84375,99.9375,611,-924.875,18.625,True,960,0.04
12,tf,136181,137682,1990-04-26 09:10:00,1990-05-23 07:35:00,-1,93.34375,95.90625,1501,-2581.125,18.625,True,1920,0.04
12,tf,137682,140410,1990-05-23 07:35:00,1990-07-12 08:15:00,1,95.90625,95.84375,2728,-81.125,18.625,True,1920,0.04
12,tf,140410,140989,1990-07-12 08:15:00,1990-07-23 09:50:00,-1,95.84375,97.21875,579,-1393.625,18.625,True,1920,0.04
13,tf,141361,141810,1990-07-30 07:30:00,1990-08-06 11:35:00,1,97.375,95.625,449,-1768.625,18.625,True,1920,0.04
13,tf,141810,144891,1990-08-06 11:35:00,1990-10-01 08:20:00,-1,95.625,94.875,3081,731.375,18.625,True,1920,0.04
14,tf,146724,149153,1990-11-01 07:45:00,1990-12-14 10:10:00,1,96.1875,99.12375,2429,2917.625000000001,18.625,True,960,0.01
14,tf,149611,149762,1990-12-24 08:20:00,1990-12-27 07:35:00,-1,98.28125,98.664375,151,-401.7500000000068,18.625,True,960,0.01
14,tf,150082,150240,1991-01-03 07:35:00,1991-01-07 07:25:00,1,99.84375,98.96906249999999,158,-893.3125000000074,18.625,True,960,0.01
14,tf,150478,150562,1991-01-09 13:55:00,1991-01-11 07:35:00,-1,97.6875,98.5696875,84,-900.8125000000006,18.625,True,960,0.01
14,tf,150640,150880,1991-01-14 07:25:00,1991-01-17 07:25:00,-1,97.59375,98.53812500000001,240,-963.000000000008,18.625,True,960,0.01
15,tf,151762,153204,1991-02-01 07:35:00,1991-02-28 07:45:00,1,99.96875,99.125,1442,-862.375,18.625,True,1920,0.04
15,tf,153204,155140,1991-02-28 07:45:00,1991-04-04 09:05:00,-1,99.125,99.15625,1936,-49.875,18.625,True,1920,0.04
16,tf,156800,157041,1991-05-03 07:25:00,1991-05-08 07:30:00,1,99.8125,98.87625,241,-954.8750000000011,18.625,True,1920,0.01
16,tf,157388,157854,1991-05-14 09:45:00,1991-05-22 08:35:00,-1,98.28125,99.0746875,466,-812.062499999996,18.625,True,1920,0.01
16,tf,158406,159163,1991-06-03 07:55:00,1991-06-14 11:00:00,-1,98.09375,96.9915625,757,1083.5624999999995,18.625,True,1920,0.01
18,tf,166347,166962,1991-10-22 09:40:00,1991-11-01 07:35:00,-1,101.21875,103.21875,615,-2018.625,18.625,True,1920,0.04
19,tf,171555,175494,1992-01-24 10:20:00,1992-04-03 11:55:00,-1,103.75,102.78125,3939,950.125,18.625,True,1920,0.03
21,tf,181440,186405,1992-07-22 07:25:00,1992-10-19 07:50:00,1,106.6875,107.65625,4965,950.125,18.625,True,1920,0.03
22,tf,186480,190076,1992-10-20 07:25:00,1992-12-22 13:45:00,-1,107.375,107.3125,3596,43.875,18.625,True,1920,0.03
23,tf,191683,194519,1993-01-22 07:40:00,1993-03-15 10:40:00,1,108.34375,110.095,2836,1732.6249999999989,18.625,True,1920,0.03
24,tf,196592,198105,1993-04-21 10:05:00,1993-05-18 09:30:00,1,112.96875,111.8125,1513,-1174.875,18.625,True,1920,0.04
24,tf,198105,200032,1993-05-18 09:30:00,1993-06-22 10:05:00,-1,111.8125,112.53125,1927,-737.375,18.625,True,1920,0.04
25,tf,201813,203353,1993-07-23 11:50:00,1993-08-19 13:30:00,-1,112.03125,114.34375,1540,-2331.125,18.625,True,1920,0.04
27,tf,212328,213126,1994-01-28 08:05:00,1994-02-11 07:55:00,1,114.625,111.9375,798,-2706.125,18.625,True,3200,0.03
29,tf,222350,224642,1994-07-29 09:55:00,1994-09-09 07:35:00,1,105.03125,103.3125,2292,-1737.375,18.625,True,2240,0.04
30,tf,227200,231605,1994-10-25 07:25:00,1995-01-13 07:50:00,-1,100.125,100.96875,4405,-862.375,18.625,True,3200,0.04
32,tf,237628,241893,1995-05-03 09:45:00,1995-07-19 11:50:00,1,105.96875,108.75,4265,2762.625,18.625,True,2240,0.04
33,tf,241938,244087,1995-07-20 08:55:00,1995-08-28 08:00:00,-1,108.3125,109.90625,2149,-1612.375,18.625,True,2240,0.04
35,tf,252722,253600,1996-02-02 07:35:00,1996-02-20 07:25:00,1,115.3125,113.15625,878,-2174.875,18.625,True,2240,0.04
37,tf,262740,264400,1996-08-01 09:05:00,1996-08-30 07:25:00,1,107.6875,106.25,1660,-1456.125,18.625,True,2240,0.04
37,tf,264400,266320,1996-08-30 07:25:00,1996-10-04 07:25:00,-1,106.25,108.21875,1920,-1987.375,18.625,True,2240,0.04
38,tf,267620,270037,1996-10-29 09:05:00,1996-12-12 10:30:00,1,109.0,109.375,2417,356.375,18.625,True,2240,0.04
39,tf,272389,273439,1997-01-27 13:10:00,1997-02-13 14:00:00,-1,107.625,109.9375,1050,-2331.125,18.625,True,2240,0.04
39,tf,273439,274167,1997-02-13 14:00:00,1997-02-28 08:00:00,1,109.9375,107.5625,728,-2393.625,18.625,True,2240,0.04
41,tf,282480,283153,1997-07-29 07:25:00,1997-08-08 10:10:00,1,110.375,108.875,673,-1518.625,18.625,True,1600,0.04
41,tf,283153,285231,1997-08-08 10:10:00,1997-09-16 10:00:00,-1,108.875,109.90625,2078,-1049.875,18.625,True,1600,0.04
41,tf,285231,287022,1997-09-16 10:00:00,1997-10-17 12:35:00,1,109.90625,109.5625,1791,-362.375,18.625,True,1600,0.04
42,tf,287520,289602,1997-10-28 07:25:00,1997-12-05 07:35:00,1,111.90625,111.0,2082,-924.875,18.625,True,1600,0.04
42,tf,289602,289928,1997-12-05 07:35:00,1997-12-11 08:05:00,-1,111.0,112.0,326,-1018.625,18.625,True,1600,0.04
43,tf,293868,296081,1998-02-24 09:45:00,1998-04-03 07:30:00,-1,112.4375,113.375,2213,-956.125,18.625,True,1920,0.04
43,tf,296081,297280,1998-04-03 07:30:00,1998-04-27 07:25:00,1,113.375,111.9375,1199,-1456.125,18.625,True,1920,0.04
44,tf,297486,298913,1998-04-29 11:15:00,1998-05-26 10:10:00,-1,111.40625,112.78125,1427,-1393.625,18.625,True,1920,0.04
45,tf,302560,303040,1998-07-30 07:25:00,1998-08-07 07:25:00,-1,113.40625,114.25,480,-862.375,18.625,True,1920,0.03
45,tf,303040,306560,1998-08-07 07:25:00,1998-10-09 07:25:00,1,114.25,119.8859375,3520,5617.312499999997,18.625,True,1920,0.03
47,tf,312825,316274,1999-02-04 09:30:00,1999-04-08 10:15:00,-1,117.125,115.875,3449,1231.375,18.625,True,1920,0.03
48,tf,317701,321365,1999-05-04 09:10:00,1999-07-09 07:50:00,-1,114.28125,111.21875,3664,3043.875,18.625,True,1920,0.03
49,tf,322645,324057,1999-08-02 07:50:00,1999-08-25 12:10:00,-1,109.71875,111.40625,1412,-1706.125,18.625,True,1920,0.03
49,tf,324057,326400,1999-08-25 12:10:00,1999-10-07 07:25:00,1,111.40625,109.015625,2343,-2409.25,18.625,True,1920,0.03
50,tf,327942,329120,1999-11-04 09:15:00,1999-11-29 07:25:00,1,110.1875,107.734375,1178,-2471.75,18.625,True,1920,0.03
51,tf,332784,332916,2000-02-02 12:45:00,2000-02-04 10:25:00,1,95.4375,95.39109375,132,-65.03125000000398,18.625,True,960,0.015
51,tf,333930,335683,2000-02-24 08:15:00,2000-03-27 07:40:00,1,96.1875,96.4684375,1753,262.3124999999932,18.625,True,960,0.015
51,tf,336018,336322,2000-03-31 08:55:00,2000-04-06 07:35:00,1,97.9375,98.43843749999999,304,482.31249999999204,18.625,True,960,0.015
52,tf,337758,338221,2000-05-02 13:55:00,2000-05-10 12:30:00,-1,96.46875,95.82375,463,626.374999999996,18.625,True,1440,0.01
52,tf,338700,338819,2000-05-18 12:25:00,2000-05-22 09:00:00,-1,94.875,95.77640625,119,-920.0312499999937,18.625,True,1440,0.01
52,tf,339153,339481,2000-05-26 10:10:00,2000-06-02 10:50:00,1,96.703125,97.8553125,328,1133.5624999999966,18.625,True,1440,0.01
52,tf,341142,341798,2000-07-03 09:15:00,2000-07-14 10:35:00,1,98.8125,98.2884375,656,-542.6874999999994,18.625,True,1440,0.01
53,tf,342803,344400,2000-08-02 07:40:00,2000-08-30 07:25:00,1,99.28125,99.4021875,1597,102.31249999999659,18.625,True,1440,0.01
53,tf,344562,345360,2000-09-01 07:35:00,2000-09-18 07:25:00,1,100.40625,99.63421875,798,-790.6562499999977,18.625,True,1440,0.01
53,tf,346640,347125,2000-10-11 07:25:00,2000-10-19 07:50:00,1,100.546875,101.0728125,485,507.3124999999977,18.625,True,1440,0.01
54,tf,348079,348480,2000-11-03 14:00:00,2000-11-13 07:25:00,-1,100.375,100.96843750000001,401,-612.0625000000074,18.625,True,1440,0.01
54,tf,349040,350984,2000-11-22 07:25:00,2000-12-28 09:25:00,1,101.5625,104.49140625,1944,2910.2812499999973,18.625,True,1440,0.01
54,tf,351144,351262,2001-01-02 09:25:00,2001-01-03 12:35:00,1,105.546875,105.55875,118,-6.749999999996589,18.625,True,1440,0.01
54,tf,351798,351974,2001-01-12 10:35:00,2001-01-17 11:55:00,-1,104.3125,105.1978125,176,-903.9374999999977,18.625,True,1440,0.01
54,tf,352320,352480,2001-01-24 07:25:00,2001-01-26 07:25:00,-1,104.15625,104.6296875,160,-492.06250000000284,18.625,True,1440,0.01
55,tf,354181,354565,2001-02-27 09:10:00,2001-03-06 07:50:00,1,105.96875,105.2803125,384,-707.0625000000063,18.625,True,1440,0.01
55,tf,355043,355780,2001-03-14 07:40:00,2001-03-27 09:05:00,1,106.34375,106.28578125,737,-76.59375000000057,18.625,True,1440,0.01
55,tf,356607,356996,2001-04-10 11:20:00,2001-04-18 10:25:00,-1,105.46875,104.67703125,389,773.0937500000011,18.625,True,1440,0.01
56,tf,358381,360719,2001-05-11 12:30:00,2001-06-22 14:00:00,-1,103.3125,105.01171875,2338,-1717.84375,18.625,True,3200,0.03
58,tf,368444,369000,2001-11-16 08:25:00,2001-11-28 08:05:00,-1,107.40625,107.11421874999999,556,273.40625000000796,18.625,True,3200,0.015
58,tf,369432,369792,2001-12-05 10:45:00,2001-12-12 07:25:00,-1,105.53125,105.179375,360,333.2500000000068,18.625,True,3200,0.015
58,tf,370032,370112,2001-12-17 07:25:00,2001-12-18 07:25:00,-1,103.625,104.05335937499999,80,-446.9843749999852,18.625,True,3200,0.015
59,tf,373632,374212,2002-02-22 07:25:00,2002-03-05 09:05:00,1,107.375,104.44171874999999,580,-2951.9062500000073,18.625,True,3200,0.03
59,tf,374360,376452,2002-03-07 08:05:00,2002-04-15 09:05:00,-1,104.34375,104.78640625,2092,-461.28124999999886,18.625,True,3200,0.03
60,tf,378711,379091,2002-05-23 10:40:00,2002-05-31 09:00:00,1,106.15625,105.318046875,380,-856.8281250000068,18.625,True,3200,0.015
60,tf,379872,380695,2002-06-14 07:25:00,2002-06-28 09:20:00,1,106.921875,107.164921875,823,224.42187500000455,18.625,True,3200,0.015
60,tf,381309,382298,2002-07-10 13:50:00,2002-07-29 09:35:00,1,108.796875,110.273828125,989,1458.3281249999943,18.625,True,3200,0.015
61,tf,383072,386752,2002-08-12 07:25:00,2002-10-17 07:25:00,1,112.578125,112.82312499999999,3680,226.37499999999034,18.625,True,3200,0.03
62,tf,388992,390194,2002-11-27 07:25:00,2002-12-19 07:35:00,-1,111.796875,113.38046875,1202,-1602.2187500000057,18.625,True,3200,0.03
63,tf,393152,394912,2003-02-13 07:25:00,2003-03-18 07:25:00,1,114.96875,114.40625,1760,-581.125,18.625,True,1600,0.04
63,tf,394912,397390,2003-03-18 07:25:00,2003-04-30 13:55:00,-1,114.40625,115.078125,2478,-690.5,18.625,True,1600,0.04
64,tf,398176,400514,2003-05-14 12:45:00,2003-06-26 07:35:00,1,117.46875,117.59375,2338,106.375,18.625,True,1600,0.04
65,tf,404090,404825,2003-08-29 07:35:00,2003-09-12 08:50:00,-1,109.65625,112.390625,735,-2753.0,18.625,True,1600,0.04
65,tf,404825,406546,2003-09-12 08:50:00,2003-10-15 07:35:00,1,112.390625,111.421875,1721,-987.375,18.625,True,1600,0.04
66,tf,408253,408976,2003-11-14 09:50:00,2003-12-01 07:25:00,1,113.3125,110.71875,723,-2612.375,18.625,True,1600,0.04
66,tf,408976,411066,2003-12-01 07:25:00,2004-01-09 07:35:00,-1,110.71875,113.21875,2090,-2518.625,18.625,True,1600,0.04
67,tf,413448,413677,2004-02-24 09:05:00,2004-02-27 08:10:00,1,115.234375,113.644375,229,-1608.6250000000034,18.625,True,1600,0.015
67,tf,414076,415356,2004-03-05 08:05:00,2004-03-29 08:05:00,1,115.375,114.798671875,1280,-594.9531250000034,18.625,True,1600,0.015
67,tf,415670,418078,2004-04-02 07:35:00,2004-05-17 08:15:00,-1,113.8125,109.413828125,2408,4380.0468750000055,18.625,True,1600,0.015
68,tf,418879,419804,2004-06-01 10:20:00,2004-06-18 07:25:00,-1,107.796875,108.60499999999999,925,-826.7499999999898,18.625,True,1440,0.015
68,tf,420150,421929,2004-06-24 09:35:00,2004-07-27 12:40:00,1,109.1875,109.73515625,1779,529.0312500000028,18.625,True,1440,0.015
69,tf,424108,424570,2004-09-03 07:35:00,2004-09-14 07:35:00,-1,111.640625,112.74429687499999,462,-1122.296874999989,18.625,True,1600,0.015
69,tf,424793,425628,2004-09-16 12:50:00,2004-10-01 09:05:00,1,113.109375,112.089921875,835,-1038.0781249999982,18.625,True,1600,0.015
69,tf,425931,426232,2004-10-07 07:40:00,2004-10-14 07:35:00,-1,111.796875,113.33109375,301,-1552.8437499999936,18.625,True,1600,0.015
69,tf,426630,427512,2004-10-21 07:25:00,2004-11-05 07:35:00,1,113.796875,111.65625,882,-2159.25,18.625,True,1600,0.015
70,tf,428601,429160,2004-11-29 08:00:00,2004-12-08 07:55:00,-1,111.5,111.919609375,559,-438.2343749999932,18.625,True,1440,0.015
70,tf,430799,430800,2005-01-07 07:30:00,2005-01-07 07:35:00,-1,111.15625,112.39539062499999,1,-1257.7656249999905,18.625,True,1440,0.015
70,tf,432302,433102,2005-02-04 07:35:00,2005-02-18 07:35:00,1,112.421875,111.68976562499999,800,-750.7343750000074,18.625,True,1440,0.015
71,tf,433482,435936,2005-02-28 07:25:00,2005-04-12 13:25:00,-1,111.125,110.0625,2454,1043.875,18.625,True,1440,0.04
72,tf,438646,438853,2005-06-01 07:25:00,2005-06-03 11:20:00,1,113.421875,113.5096875,207,69.1874999999983,18.625,True,1440,0.01
72,tf,439707,439848,2005-06-20 09:10:00,2005-06-22 07:35:00,-1,112.171875,113.23046875,141,-1077.21875,18.625,True,1440,0.01
72,tf,440785,442747,2005-07-08 13:50:00,2005-08-12 10:40:00,-1,112.109375,110.910625,1962,1180.125000000004,18.625,True,1440,0.01
73,tf,443679,444111,2005-08-30 08:20:00,2005-09-07 12:30:00,1,111.984375,111.49875,432,-504.24999999999886,18.625,True,1440,0.01
73,tf,444575,444930,2005-09-15 11:10:00,2005-09-22 07:25:00,-1,111.015625,111.3525,355,-355.50000000000625,18.625,True,1440,0.01
73,tf,445103,447856,2005-09-26 08:30:00,2005-11-16 07:35:00,-1,110.25,108.55921875,2753,1672.1562500000005,18.625,True,1440,0.01
74,tf,449922,450811,2005-12-23 09:25:00,2006-01-11 12:10:00,1,109.234375,109.0546875,889,-198.3125,18.625,True,1440,0.01
74,tf,451076,451498,2006-01-18 07:35:00,2006-01-25 09:25:00,1,110.15625,109.10109375,422,-1073.781249999996,18.625,True,1440,0.01
75,tf,453622,454289,2006-03-06 07:25:00,2006-03-16 09:40:00,-1,107.0,107.565,667,-583.6249999999977,18.625,True,1440,0.01
75,tf,455042,457869,2006-03-29 12:25:00,2006-05-19 09:00:00,-1,106.5,105.70281250000001,2827,778.5624999999926,18.625,True,1440,0.01
75,tf,457873,458458,2006-05-19 09:20:00,2006-05-31 12:25:00,1,105.703125,105.04828125,585,-673.4687499999977,18.625,True,1440,0.01
76,tf,458920,459280,2006-06-08 10:55:00,2006-06-15 07:35:00,1,106.109375,105.04828125,360,-1079.7187499999977,18.625,True,1440,0.01
76,tf,459451,460652,2006-06-19 08:30:00,2006-07-11 09:35:00,-1,104.71875,105.08734375,1201,-387.2187500000023,18.625,True,1440,0.01
77,tf,463708,465603,2006-09-01 10:55:00,2006-10-06 09:50:00,1,107.453125,107.6625,1895,190.74999999999432,18.625,True,1440,0.01
77,tf,466362,466684,2006-10-23 07:25:00,2006-10-27 07:35:00,-1,106.796875,107.6596875,322,-881.437500000004,18.625,True,1440,0.01
78,tf,469528,472124,2006-12-19 07:35:00,2007-02-07 08:40:00,-1,108.15625,107.26515625,2596,872.468749999996,18.625,True,1440,0.01
79,tf,474007,474899,2007-03-13 13:15:00,2007-03-29 07:35:00,1,109.09375,108.21875,892,-893.625,18.625,True,1440,0.015
79,tf,474899,476700,2007-03-29 07:35:00,2007-05-01 08:05:00,-1,108.21875,108.4375,1801,-237.375,18.625,True,1440,0.015
79,tf,476700,477654,2007-05-01 08:05:00,2007-05-17 07:35:00,1,108.4375,107.5625,954,-893.625,18.625,True,1440,0.015
80,tf,478807,479463,2007-06-07 11:20:00,2007-06-19 12:40:00,-1,105.109375,105.19523437499998,656,-104.48437499998408,18.625,True,1440,0.015
81,tf,483858,484189,2007-09-07 07:35:00,2007-09-13 08:30:00,1,109.84375,109.8590625,331,-3.312500000006821,18.625,True,2240,0.01
81,tf,485686,486032,2007-10-11 07:35:00,2007-10-17 09:45:00,-1,108.40625,109.28515625,346,-897.53125,18.625,True,2240,0.01
81,tf,486405,486878,2007-10-24 07:30:00,2007-10-31 13:35:00,1,110.71875,110.09109375,473,-646.2812500000011,18.625,True,2240,0.01
81,tf,486983,488256,2007-11-02 09:00:00,2007-11-28 11:25:00,1,111.203125,113.4478125,1273,2226.0624999999977,18.625,True,2240,0.01
82,tf,489782,489883,2007-12-26 12:55:00,2007-12-28 08:00:00,-1,111.734375,112.678125,101,-962.3749999999943,18.625,True,1920,0.01
82,tf,490052,491200,2008-01-02 10:45:00,2008-01-24 07:25:00,1,114.359375,117.94921875,1148,3571.21875,18.625,True,1920,0.01
82,tf,492675,492803,2008-02-19 12:20:00,2008-02-21 09:40:00,-1,115.609375,116.26046875,128,-669.7187500000011,18.625,True,1920,0.01
82,tf,493658,493818,2008-03-07 07:35:00,2008-03-11 07:35:00,1,117.8125,117.20671875,160,-624.4062500000068,18.625,True,1920,0.01
83,tf,493976,494305,2008-03-13 07:25:00,2008-03-19 08:10:00,1,118.390625,118.7690625,329,359.812500000004,18.625,True,2240,0.01
83,tf,494395,494462,2008-03-20 09:00:00,2008-03-24 07:55:00,1,119.96875,118.7690625,67,-1218.312499999996,18.625,True,2240,0.01
83,tf,495891,496081,2008-04-16 13:40:00,2008-04-21 09:30:00,-1,116.53125,116.4025,190,110.12499999999659,18.625,True,2240,0.01
83,tf,496341,496700,2008-04-24 11:10:00,2008-05-01 07:45:00,-1,115.25,116.086875,359,-855.5000000000063,18.625,True,2240,0.01
83,tf,496779,497118,2008-05-02 07:40:00,2008-05-08 09:15:00,-1,114.9375,115.59765625,339,-678.78125,18.625,True,2240,0.01
83,tf,497416,497598,2008-05-14 07:25:00,2008-05-16 09:15:00,-1,114.453125,115.455625,182,-1021.1249999999977,18.625,True,2240,0.01
83,tf,498194,498483,2008-05-28 07:35:00,2008-06-02 11:40:00,-1,114.3125,113.38828125,289,905.5937499999943,18.625,True,2240,0.01
84,tf,498971,499411,2008-06-10 12:20:00,2008-06-18 09:00:00,-1,112.265625,112.1415625,440,105.43749999999375,18.625,True,2240,0.01
84,tf,500457,500785,2008-07-07 11:30:00,2008-07-11 12:10:00,1,114.953125,114.71625,328,-255.49999999999773,18.625,True,2240,0.01
84,tf,500908,500995,2008-07-15 09:05:00,2008-07-16 09:40:00,1,115.875,114.901875,87,-991.749999999996,18.625,True,2240,0.01
84,tf,502733,503528,2008-08-15 07:50:00,2008-08-29 07:25:00,1,116.0625,115.891875,795,-189.25000000000114,18.625,True,2240,0.01
84,tf,503885,503984,2008-09-04 12:30:00,2008-09-08 07:25:00,1,117.0625,116.5725,99,-508.6249999999949,18.625,True,2240,0.01
85,tf,504384,504704,2008-09-15 07:25:00,2008-09-19 07:25:00,1,117.75,117.568984375,320,-199.64062500000057,18.625,True,960,0.015
85,tf,504784,505198,2008-09-22 07:25:00,2008-09-29 08:35:00,-1,115.1875,115.72585937499998,414,-556.9843749999847,18.625,True,960,0.015
85,tf,505833,506462,2008-10-09 08:10:00,2008-10-20 13:55:00,-1,114.015625,113.06148437499999,629,935.515625000008,18.625,True,960,0.015
85,tf,507681,508624,2008-11-11 08:50:00,2008-11-27 07:25:00,1,116.015625,120.770234375,943,4735.984375000001,18.625,True,960,0.015
86,tf,509047,509071,2008-12-04 13:05:00,2008-12-05 08:25:00,1,124.34375,123.39421875,24,-968.1562500000068,18.625,True,1600,0.01
86,tf,509539,509866,2008-12-15 07:25:00,2008-12-19 08:00:00,1,124.640625,127.41609375,327,2756.843750000002,18.625,True,1600,0.01
86,tf,511765,511871,2009-01-26 10:00:00,2009-01-27 12:10:00,-1,123.28125,124.40359375,106,-1140.9687499999989,18.625,True,1600,0.01
86,tf,512037,512204,2009-01-29 12:40:00,2009-02-02 13:15:00,-1,123.171875,123.8196875,167,-666.4375000000006,18.625,True,1600,0.01
86,tf,512250,512395,2009-02-03 10:25:00,2009-02-05 09:10:00,-1,122.59375,122.7465625,145,-171.43749999999602,18.625,True,1600,0.01
86,tf,512536,512629,2009-02-09 07:35:00,2009-02-10 08:40:00,-1,121.53125,122.50984375,93,-997.2187500000017,18.625,True,1600,0.01
86,tf,513550,513710,2009-02-26 07:25:00,2009-03-02 07:25:00,-1,121.296875,120.9159375,160,362.3125000000017,18.625,True,1600,0.01
87,tf,514741,514742,2009-03-18 13:20:00,2009-03-18 13:25:00,1,123.09375,124.233125,1,1120.7500000000011,18.625,True,1280,0.015
87,tf,516670,517792,2009-04-23 07:25:00,2009-05-13 07:35:00,-1,121.828125,121.51453124999999,1122,294.96875000000966,18.625,True,1280,0.015
88,tf,519123,519747,2009-06-04 13:50:00,2009-06-16 12:30:00,-1,115.078125,115.0528125,624,6.687499999998295,18.625,True,1280,0.02
88,tf,520313,521510,2009-06-25 13:00:00,2009-07-17 08:05:00,1,116.25,116.62,1197,351.37500000000455,18.625,True,1280,0.02
88,tf,521900,523082,2009-07-23 13:55:00,2009-08-13 12:25:00,-1,116.046875,116.949375,1182,-921.1250000000034,18.625,True,1280,0.02
89,tf,524518,524708,2009-09-09 07:25:00,2009-09-11 09:55:00,-1,116.765625,118.3125,190,-1565.5,18.625,True,1280,0.02
89,tf,524708,527078,2009-09-11 09:55:00,2009-10-23 07:25:00,1,118.3125,117.671875,2370,-659.25,18.625,True,1280,0.02
89,tf,527078,528042,2009-10-23 07:25:00,2009-11-10 07:45:00,-1,117.671875,118.84375,964,-1190.5,18.625,True,1280,0.02
90,tf,529435,529593,2009-12-04 07:35:00,2009-12-08 07:25:00,-1,117.953125,118.738125,158,-803.6249999999966,18.625,True,1600,0.01
90,tf,529851,531030,2009-12-11 08:55:00,2010-01-05 08:55:00,-1,117.5625,116.03953125,1179,1504.343750000004,18.625,True,1600,0.01
90,tf,531982,533150,2010-01-21 10:15:00,2010-02-11 07:35:00,1,117.609375,117.76359375,1168,135.5937499999983,18.625,True,1600,0.01
90,tf,533559,533821,2010-02-18 10:20:00,2010-02-23 12:10:00,-1,117.21875,118.05953125,262,-859.4062500000063,18.625,True,1600,0.01
91,tf,534429,535041,2010-03-05 09:30:00,2010-03-16 13:50:00,-1,116.890625,117.42828125,612,-556.2812499999977,18.625,True,1600,0.01
91,tf,535500,536275,2010-03-24 12:05:00,2010-04-07 13:45:00,-1,116.265625,115.97640625,775,270.5937500000034,18.625,True,1600,0.01
91,tf,537079,537959,2010-04-22 07:25:00,2010-05-07 07:25:00,1,117.265625,119.83640625,880,2552.156249999996,18.625,True,1600,0.01
91,tf,538695,538999,2010-05-20 08:45:00,2010-05-26 07:25:00,1,121.046875,120.9346875,304,-130.81250000000455,18.625,True,1600,0.01
92,tf,540655,541680,2010-06-24 07:25:00,2010-07-13 08:10:00,1,121.5,121.8009375,1025,282.3125000000034,18.625,True,1600,0.01
92,tf,541930,542474,2010-07-16 09:00:00,2010-07-27 07:40:00,1,123.03125,122.31140625,544,-738.4687499999955,18.625,True,1600,0.01
93,tf,544713,545275,2010-09-03 07:35:00,2010-09-14 09:45:00,-1,123.84375,124.3878125,562,-562.6874999999955,18.625,True,1600,0.01
93,tf,546061,547094,2010-09-28 08:35:00,2010-10-15 08:00:00,1,126.140625,126.3796875,1033,220.43750000000284,18.625,True,1600,0.01
93,tf,547727,547967,2010-10-27 07:25:00,2010-11-01 07:25:00,-1,125.3125,126.37625,240,-1082.3749999999989,18.625,True,1600,0.01
93,tf,548209,548509,2010-11-04 07:35:00,2010-11-09 12:35:00,1,127.65625,126.75093749999999,300,-923.937500000008,18.625,True,1600,0.01
93,tf,548767,549247,2010-11-15 07:25:00,2010-11-23 07:25:00,-1,125.125,125.28734375,480,-180.96875000000512,18.625,True,1600,0.01
94,tf,549682,549844,2010-12-01 07:25:00,2010-12-03 07:35:00,-1,124.046875,123.283125,162,745.1250000000017,18.625,True,1600,0.01
94,tf,550036,550642,2010-12-07 10:15:00,2010-12-17 07:25:00,-1,122.0625,119.7165625,606,2327.312500000005,18.625,True,1600,0.01
94,tf,551834,552303,2011-01-10 08:30:00,2011-01-18 09:35:00,1,120.90625,120.26953125,469,-655.34375,18.625,True,1600,0.01
94,tf,553319,554043,2011-02-04 07:35:00,2011-02-17 07:55:00,-1,119.203125,119.06953125,724,114.96875000000284,18.625,True,1600,0.01
95,tf,554849,555016,2011-03-03 10:25:00,2011-03-07 11:00:00,-1,117.890625,118.738125,167,-866.1249999999966,18.625,True,1600,0.01
95,tf,555399,555638,2011-03-14 09:35:00,2011-03-17 09:30:00,1,120.328125,120.60984375,239,263.093749999996,18.625,True,1600,0.01
95,tf,556813,557080,2011-04-07 07:25:00,2011-04-12 09:40:00,-1,118.28125,119.10109375,267,-838.468750000004,18.625,True,1600,0.01
96,tf,559540,559693,2011-05-26 08:00:00,2011-05-30 07:25:00,1,123.359375,122.74453125,153,-633.4687500000057,18.625,True,1600,0.01
96,tf,560313,560554,2011-06-09 07:45:00,2011-06-14 07:50:00,1,123.984375,122.77546875,241,-1227.5312499999982,18.625,True,1600,0.01
96,tf,560709,561402,2011-06-16 07:25:00,2011-06-28 11:50:00,1,124.015625,123.73453125,693,-299.7187499999966,18.625,True,1600,0.01
96,tf,561531,561805,2011-06-30 09:15:00,2011-07-06 07:25:00,-1,122.453125,122.92015625,274,-485.6562500000051,18.625,True,1600,0.01
96,tf,562445,562740,2011-07-18 07:25:00,2011-07-21 12:00:00,1,124.984375,123.88921875,295,-1113.7812500000023,18.625,True,1600,0.01
96,tf,563167,563631,2011-07-29 07:35:00,2011-08-05 12:55:00,1,125.140625,126.76640625,464,1607.1562500000027,18.625,True,1600,0.01
96,tf,563663,563941,2011-08-08 08:55:00,2011-08-11 12:05:00,1,128.046875,129.21046875,278,1144.9687499999898,18.625,True,1600,0.01
96,tf,564285,564456,2011-08-18 07:25:00,2011-08-22 08:20:00,1,130.515625,130.32421875,171,-210.03125,18.625,True,1600,0.01
97,tf,566261,566429,2011-09-22 07:25:00,2011-09-26 08:05:00,1,131.03125,130.54078125,168,-509.0937499999909,18.625,True,1600,0.01
97,tf,567143,567492,2011-10-07 07:35:00,2011-10-13 10:00:00,-1,129.0625,128.79078125,349,253.0937499999909,18.625,True,1600,0.01
97,tf,568317,568421,2011-10-27 12:05:00,2011-10-31 07:25:00,-1,127.515625,128.459375,104,-962.3749999999943,18.625,True,1600,0.01
97,tf,568858,569197,2011-11-07 10:30:00,2011-11-11 12:05:00,1,130.546875,129.69,339,-875.5000000000023,18.625,True,1600,0.01
98,tf,569839,569976,2011-11-23 12:15:00,2011-11-28 07:25:00,1,131.0,129.92203125,137,-1096.5937499999966,18.625,True,1440,0.01
98,tf,570136,570600,2011-11-30 07:25:00,2011-12-07 12:45:00,-1,129.609375,129.91125,464,-320.49999999999545,18.625,True,1440,0.01
98,tf,571137,571516,2011-12-16 10:50:00,2011-12-23 09:05:00,1,131.234375,130.10765625,379,-1145.343750000009,18.625,True,1440,0.01
98,tf,572548,572920,2012-01-13 08:25:00,2012-01-20 08:05:00,1,131.421875,130.41703125,372,-1023.468749999992,18.625,True,1440,0.01
98,tf,573010,573203,2012-01-23 08:55:00,2012-01-25 11:40:00,-1,129.84375,131.110625,193,-1285.4999999999989,18.625,True,1440,0.01
98,tf,573382,573931,2012-01-27 13:15:00,2012-02-07 12:20:00,1,131.734375,130.989375,549,-763.6250000000045,18.625,True,1440,0.01
99,tf,574593,574978,2012-02-20 07:30:00,2012-02-27 08:15:00,-1,130.5625,131.67875,385,-1134.875000000008,18.625,True,1280,0.01
99,tf,575053,575208,2012-02-28 07:50:00,2012-03-01 07:25:00,1,131.8125,130.57171875,155,-1259.4062499999977,18.625,True,1280,0.01
99,tf,575212,576492,2012-03-01 07:45:00,2012-03-23 07:45:00,-1,130.375,128.9959375,1280,1360.4375000000034,18.625,True,1280,0.01
100,tf,579602,580676,2012-05-17 10:40:00,2012-06-06 08:50:00,1,133.609375,133.60359375,1074,-24.406250000012506,18.625,True,1280,0.01
100,tf,581059,582120,2012-06-13 07:25:00,2012-07-02 09:10:00,-1,133.125,134.046875,1061,-940.5,18.625,True,1280,0.01
100,tf,582120,583658,2012-07-02 09:10:00,2012-07-27 12:40:00,1,134.046875,133.90625,1538,-159.25,18.625,True,1280,0.01
101,tf,584661,585118,2012-08-15 09:35:00,2012-08-23 07:40:00,-1,132.640625,133.509375,457,-887.3750000000057,18.625,True,960,0.01
101,tf,585195,585891,2012-08-24 07:25:00,2012-09-06 07:25:00,1,133.859375,132.92296875,696,-955.0312500000045,18.625,True,960,0.01
101,tf,585972,586873,2012-09-07 07:30:00,2012-09-24 09:15:00,-1,132.34375,133.0359375,901,-710.8124999999886,18.625,True,960,0.01
101,tf,587003,588199,2012-09-25 13:25:00,2012-10-16 13:05:00,1,133.09375,132.8125,1196,-299.875,18.625,True,960,0.01
101,tf,588199,589086,2012-10-16 13:05:00,2012-10-31 13:40:00,-1,132.8125,133.004375,887,-210.50000000001023,18.625,True,960,0.01
102,tf,589742,590402,2012-11-13 08:20:00,2012-11-23 12:00:00,1,134.125,133.3125,660,-831.125,18.625,True,960,0.01
102,tf,590402,593587,2012-11-23 12:00:00,2013-01-23 09:35:00,-1,133.3125,132.46875,3185,825.125,18.625,True,960,0.01
102,tf,593587,593796,2013-01-23 09:35:00,2013-01-25 13:40:00,1,132.46875,131.453125,209,-1034.25,18.625,True,960,0.01
103,tf,595237,595620,2013-02-21 09:05:00,2013-02-28 07:40:00,1,131.921875,131.65453125,383,-285.9687500000091,18.625,True,960,0.01
103,tf,595937,596577,2013-03-06 07:25:00,2013-03-18 07:25:00,-1,131.15625,131.3,640,-162.37500000001137,18.625,True,960,0.01
103,tf,597036,599239,2013-03-25 12:20:00,2013-05-03 09:15:00,1,131.734375,132.890625,2203,1137.625,18.625,True,960,0.01
104,tf,599825,601161,2013-05-14 11:25:00,2013-06-06 11:25:00,-1,131.8125,130.05328125,1336,1740.5937500000023,18.625,True,960,0.01
104,tf,601285,601593,2013-06-10 08:25:00,2013-06-14 07:25:00,-1,128.765625,129.5325,308,-785.4999999999989,18.625,True,960,0.01
104,tf,601905,602153,2013-06-19 13:25:00,2013-06-25 07:25:00,-1,128.25,126.313125,248,1918.2500000000005,18.625,True,960,0.01
104,tf,602771,603089,2013-07-05 07:35:00,2013-07-11 07:25:00,-1,125.0625,125.808125,318,-764.250000000004,18.625,True,960,0.01
104,tf,603411,604209,2013-07-17 07:35:00,2013-07-31 07:25:00,1,126.828125,126.03937499999999,798,-807.3750000000074,18.625,True,960,0.01
104,tf,604211,604436,2013-07-31 07:35:00,2013-08-02 13:00:00,-1,125.828125,126.5025,225,-692.9999999999977,18.625,True,960,0.01
105,tf,604854,604957,2013-08-12 07:50:00,2013-08-13 09:45:00,1,126.90625,125.71453125,103,-1210.3437500000068,18.625,True,960,0.01
105,tf,605091,605729,2013-08-15 07:35:00,2013-08-27 07:25:00,-1,125.25,125.3346875,638,-103.31250000000114,18.625,True,960,0.01
105,tf,605988,606347,2013-08-30 09:00:00,2013-09-06 07:35:00,-1,124.09375,123.51984375,359,555.2812499999932,18.625,True,960,0.01
105,tf,607053,608589,2013-09-18 13:05:00,2013-10-16 07:45:00,1,124.734375,125.671875,1536,918.875,18.625,True,960,0.01
105,tf,608589,608691,2013-10-16 07:45:00,2013-10-17 09:35:00,-1,125.671875,126.77078125,102,-1117.5312499999989,18.625,True,960,0.01
105,tf,608695,609586,2013-10-17 09:55:00,2013-11-01 10:50:00,1,126.859375,126.781875,891,-96.12500000000057,18.625,True,960,0.01
106,tf,609947,610445,2013-11-08 07:35:00,2013-11-18 09:05:00,-1,126.390625,127.02328125,498,-651.2812499999966,18.625,True,960,0.01
106,tf,611065,613321,2013-11-28 07:25:00,2014-01-10 07:35:00,-1,125.765625,123.875,2256,1872.0,18.625,True,960,0.01
107,tf,616071,618391,2014-02-28 07:25:00,2014-04-10 07:25:00,-1,125.09375,124.421875,2320,653.25,18.625,True,1280,0.015
108,tf,619921,621287,2014-05-08 08:15:00,2014-06-02 10:45:00,1,124.96875,124.864140625,1366,-123.23437499999545,18.625,True,1280,0.015
108,tf,621341,622610,2014-06-03 08:35:00,2014-06-25 07:40:00,-1,124.671875,124.96875,1269,-315.5,18.625,True,1280,0.015
108,tf,622610,623089,2014-06-25 07:40:00,2014-07-03 07:35:00,1,124.96875,123.828125,479,-1159.25,18.625,True,1280,0.015
108,tf,623089,623463,2014-07-03 07:35:00,2014-07-10 07:25:00,-1,123.828125,125.28125,374,-1471.75,18.625,True,1280,0.015
108,tf,623463,624665,2014-07-10 07:25:00,2014-07-31 07:35:00,1,125.28125,124.421875,1202,-878.0,18.625,True,1280,0.015
108,tf,624665,624850,2014-07-31 07:35:00,2014-08-04 09:40:00,-1,124.421875,125.546875,185,-1143.625,18.625,True,1280,0.015
109,tf,624983,626479,2014-08-06 07:25:00,2014-09-02 07:25:00,1,125.5625,125.609375,1496,28.25,18.625,True,960,0.015
109,tf,626479,627903,2014-09-02 07:25:00,2014-09-25 12:45:00,-1,125.609375,124.734375,1424,856.375,18.625,True,960,0.015
109,tf,627903,629033,2014-09-25 12:45:00,2014-10-15 13:35:00,1,124.734375,128.57328125,1130,3820.281250000008,18.625,True,960,0.015
110,tf,630319,631339,2014-11-07 07:25:00,2014-11-25 12:25:00,-1,125.953125,127.03125,1020,-1096.75,18.625,True,1600,0.015
110,tf,631339,631876,2014-11-25 12:25:00,2014-12-05 07:35:00,1,127.03125,125.84375,537,-1206.125,18.625,True,1600,0.015
110,tf,631876,632304,2014-12-05 07:35:00,2014-12-12 09:55:00,-1,125.84375,127.484375,428,-1659.25,18.625,True,1600,0.015
110,tf,632304,632912,2014-12-12 09:55:00,2014-12-23 13:55:00,1,127.484375,126.033828125,608,-1469.1718750000005,18.625,True,1600,0.015
110,tf,632922,633391,2014-12-24 08:05:00,2015-01-05 08:55:00,-1,125.734375,127.54109374999999,469,-1825.3437499999875,18.625,True,1600,0.015
110,tf,633453,634389,2015-01-06 07:25:00,2015-01-22 07:25:00,1,127.953125,128.9734375,936,1001.6874999999886,18.625,True,1600,0.015
111,tf,635300,636353,2015-02-06 10:00:00,2015-02-25 13:05:00,-1,128.734375,128.796875,1053,-81.125,18.625,True,960,0.015
111,tf,636353,636604,2015-02-25 13:05:00,2015-03-02 14:00:00,1,128.796875,127.140625,251,-1674.875,18.625,True,960,0.015
111,tf,636604,637490,2015-03-02 14:00:00,2015-03-18 07:50:00,-1,127.140625,127.796875,886,-674.875,18.625,True,960,0.015
111,tf,637490,639840,2015-03-18 07:50:00,2015-04-29 07:25:00,1,127.796875,128.671875,2350,856.375,18.625,True,960,0.015
112,tf,640118,642698,2015-05-04 10:35:00,2015-06-18 07:35:00,-1,127.734375,126.36749999999999,2580,1348.2500000000073,18.625,True,1600,0.015
112,tf,643634,644032,2015-07-06 07:35:00,2015-07-13 07:25:00,1,126.640625,125.6490625,398,-1010.1875000000006,18.625,True,1600,0.015
113,tf,645154,646868,2015-07-31 07:35:00,2015-08-31 10:25:00,1,127.28125,127.2928125,1714,-7.062500000003411,18.625,True,960,0.02
113,tf,646898,648115,2015-08-31 12:55:00,2015-09-22 09:40:00,-1,127.125,127.984375,1217,-878.0,18.625,True,960,0.02
114,tf,650236,651688,2015-10-28 13:05:00,2015-11-24 07:25:00,-1,128.28125,126.953125,1452,1309.5,18.625,True,960,0.015
114,tf,651688,652206,2015-11-24 07:25:00,2015-12-03 07:40:00,1,126.953125,126.3125,518,-659.25,18.625,True,960,0.015
114,tf,652206,652744,2015-12-03 07:40:00,2015-12-11 12:30:00,-1,126.3125,127.078125,538,-784.25,18.625,True,960,0.015
115,tf,655278,657036,2016-01-29 07:25:00,2016-03-01 09:15:00,1,129.25,130.1875,1758,918.875,18.625,True,960,0.02
115,tf,657036,658534,2016-03-01 09:15:00,2016-03-29 07:25:00,-1,130.1875,129.484375,1498,684.5,18.625,True,960,0.02
115,tf,658534,659860,2016-03-29 07:25:00,2016-04-20 11:15:00,1,129.484375,130.203125,1326,700.125,18.625,True,960,0.02
116,tf,660736,661485,2016-05-05 10:55:00,2016-05-18 13:20:00,1,130.546875,129.65625,749,-909.25,18.625,True,960,0.015
116,tf,661485,662352,2016-05-18 13:20:00,2016-06-03 07:35:00,-1,129.65625,130.546875,867,-909.25,18.625,True,960,0.015
116,tf,662352,663474,2016-06-03 07:35:00,2016-06-23 07:45:00,1,130.546875,130.84375,1122,278.25,18.625,True,960,0.015
116,tf,663474,663550,2016-06-23 07:45:00,2016-06-24 07:25:00,-1,130.84375,132.703125,76,-1878.0,18.625,True,960,0.015
116,tf,663550,664648,2016-06-24 07:25:00,2016-07-14 07:35:00,1,132.703125,132.359375,1098,-362.375,18.625,True,960,0.015
117,tf,665559,667146,2016-07-29 10:10:00,2016-08-26 09:05:00,1,132.9375,131.828125,1587,-1128.0,18.625,True,960,0.015
117,tf,667146,668805,2016-08-26 09:05:00,2016-09-26 09:20:00,-1,131.828125,131.265625,1659,543.875,18.625,True,960,0.015
117,tf,668805,669433,2016-09-26 09:20:00,2016-10-06 08:20:00,1,131.265625,130.0625,628,-1221.75,18.625,True,960,0.015
118,tf,670387,670632,2016-10-24 07:50:00,2016-10-27 08:15:00,1,130.484375,129.546875,245,-956.125,18.625,True,960,0.015
118,tf,670632,674417,2016-10-27 08:15:00,2017-01-05 07:25:00,-1,129.546875,124.328125,3785,5200.125,18.625,True,960,0.015
118,tf,674417,675273,2017-01-05 07:25:00,2017-01-20 07:25:00,1,124.328125,123.859375,856,-487.375,18.625,True,960,0.015
119,tf,676327,677489,2017-02-08 08:35:00,2017-03-01 07:25:00,1,125.40625,123.77140625,1162,-1653.4687500000018,18.625,True,1920,0.015
119,tf,677569,678701,2017-03-02 07:25:00,2017-03-22 08:25:00,-1,123.609375,124.55953124999999,1132,-968.781249999992,18.625,True,1920,0.015
120,tf,681889,684265,2017-05-18 07:25:00,2017-06-29 07:25:00,1,126.515625,125.859375,2376,-674.875,18.625,True,1920,0.015
121,tf,686320,688844,2017-08-03 14:00:00,2017-09-18 13:00:00,1,126.375,126.03125,2524,-362.375,18.625,True,1920,0.015
123,tf,695585,699484,2018-01-17 13:50:00,2018-03-28 07:25:00,-1,122.625,121.015625,3899,1590.75,18.625,True,1920,0.015
124,tf,700778,702844,2018-04-20 08:35:00,2018-05-28 07:25:00,-1,119.6875,119.984375,2066,-315.5,18.625,True,1920,0.015
124,tf,702844,703290,2018-05-28 07:25:00,2018-06-04 13:15:00,1,119.984375,119.477421875,446,-525.5781249999955,18.625,True,1920,0.015
125,tf,705838,707151,2018-07-19 07:35:00,2018-08-10 10:20:00,-1,119.953125,120.26890625,1313,-334.40625000000057,18.625,True,1280,0.01
125,tf,707183,708472,2018-08-10 13:00:00,2018-09-04 09:05:00,1,120.328125,119.96875,1289,-378.0,18.625,True,1280,0.01
126,tf,711492,712104,2018-10-26 07:25:00,2018-11-06 11:45:00,1,118.6875,117.995625,612,-710.499999999996,18.625,True,1280,0.01
126,tf,712257,712595,2018-11-08 11:10:00,2018-11-14 12:40:00,-1,117.796875,118.91171875,338,-1133.4687500000057,18.625,True,1280,0.01
126,tf,712735,715346,2018-11-16 11:00:00,2019-01-08 07:25:00,1,119.1875,121.94015625,2611,2734.031250000001,18.625,True,1280,0.01
129,tf,726013,726991,2019-07-16 11:00:00,2019-08-01 12:30:00,-1,126.765625,128.359375,978,-1612.375,18.625,True,1920,0.02
129,tf,726991,729328,2019-08-01 12:30:00,2019-09-12 09:15:00,1,128.359375,129.758125,2337,1380.1250000000068,18.625,True,1920,0.02
129,tf,729346,730464,2019-09-12 10:45:00,2019-10-02 10:35:00,-1,129.53125,131.1178125,1118,-1605.1875000000136,18.625,True,1920,0.02
131,tf,736521,739347,2020-01-21 09:30:00,2020-03-10 13:40:00,1,129.5625,137.75125,2826,8170.124999999999,18.625,True,1920,0.02
132,tf,741374,744070,2020-04-16 09:15:00,2020-06-03 09:15:00,1,139.390625,138.265625,2696,-1143.625,18.625,True,1920,0.03
132,tf,744070,745513,2020-06-03 09:15:00,2020-06-29 09:30:00,-1,138.265625,139.3125,1443,-1065.5,18.625,True,1920,0.03
133,tf,746144,748026,2020-07-09 10:45:00,2020-08-12 07:35:00,1,139.4375,139.015625,1882,-440.5,18.625,True,1920,0.02
135,tf,756174,757220,2021-01-06 07:25:00,2021-01-25 09:55:00,-1,137.609375,137.3915625,1046,199.18750000000796,18.625,True,1280,0.01
135,tf,757917,759175,2021-02-05 08:00:00,2021-03-01 08:10:00,-1,136.546875,133.28843750000001,1258,3239.8124999999854,18.625,True,1280,0.01
136,tf,761121,761761,2021-04-05 07:25:00,2021-04-15 07:25:00,-1,130.90625,132.10484375000001,640,-1217.2187500000148,18.625,True,3200,0.01
136,tf,763043,763283,2021-05-07 07:35:00,2021-05-12 07:35:00,1,132.75,132.18046875,240,-588.1562500000114,18.625,True,3200,0.01
137,tf,766371,768195,2021-07-06 08:55:00,2021-08-06 07:35:00,1,133.0625,134.083125,1824,1001.9999999999955,18.625,True,3200,0.01
138,tf,771129,773320,2021-09-28 07:25:00,2021-11-04 10:00:00,-1,131.609375,131.3315625,2191,259.18750000001023,18.625,True,3200,0.01
138,tf,774314,774545,2021-11-22 12:50:00,2021-11-26 07:25:00,-1,130.03125,130.795,231,-782.3749999999875,18.625,True,3200,0.01
139,tf,776577,777708,2022-01-03 11:50:00,2022-01-24 08:05:00,-1,129.5,128.60140625,1131,879.9687500000034,18.625,True,3200,0.01
139,tf,778422,779300,2022-02-04 07:35:00,2022-02-21 07:25:00,-1,127.328125,126.83390625,878,475.5937500000017,18.625,True,3200,0.01
140,tf,781206,781476,2022-03-25 08:15:00,2022-03-30 10:45:00,-1,122.609375,122.63609375,270,-45.34375000000057,18.625,True,3200,0.01
140,tf,781778,782205,2022-04-05 09:15:00,2022-04-12 11:30:00,-1,121.421875,120.80546875,427,597.7812499999972,18.625,True,3200,0.01
140,tf,782396,782796,2022-04-18 07:25:00,2022-04-25 07:25:00,-1,119.609375,119.621875,400,-31.125000000002842,18.625,True,3200,0.01
140,tf,783213,783676,2022-05-02 08:50:00,2022-05-10 07:25:00,-1,118.4375,118.738125,463,-319.2499999999966,18.625,True,3200,0.01
140,tf,785494,785807,2022-06-10 07:35:00,2022-06-15 13:40:00,-1,117.5625,115.51875,313,2025.1250000000027,18.625,True,3200,0.01
141,tf,788168,788435,2022-07-28 07:45:00,2022-08-02 10:00:00,1,120.515625,120.76453125,267,230.28125000000455,18.625,True,3200,0.01
142,tf,791328,791663,2022-09-21 13:05:00,2022-09-28 07:40:00,-1,113.640625,111.794375,335,1827.6249999999977,18.625,True,3200,0.01
142,tf,792542,792600,2022-10-13 07:35:00,2022-10-13 12:25:00,-1,110.6875,111.16312500000001,58,-494.25000000000796,18.625,True,3200,0.01
142,tf,792862,793064,2022-10-19 07:35:00,2022-10-21 11:05:00,-1,110.0625,109.94796875,202,95.90624999999886,18.625,True,3200,0.01
142,tf,795283,795888,2022-11-30 13:05:00,2022-12-12 10:10:00,1,113.421875,114.05109374999999,605,610.5937499999926,18.625,True,3200,0.01
142,tf,795937,796186,2022-12-13 07:35:00,2022-12-16 08:20:00,1,115.203125,114.20578125,249,-1015.9687499999989,18.625,True,3200,0.01
143,tf,797594,798073,2023-01-12 12:20:00,2023-01-23 07:35:00,1,115.359375,114.778125,479,-599.8749999999972,18.625,True,3200,0.01
143,tf,798718,798793,2023-02-02 08:00:00,2023-02-03 07:35:00,1,115.9375,114.84,75,-1116.1249999999966,18.625,True,3200,0.01
143,tf,799516,800066,2023-02-16 07:50:00,2023-02-27 09:00:00,-1,111.875,111.7628125,550,93.56250000000455,18.625,True,3200,0.01
143,tf,800287,800447,2023-03-02 07:25:00,2023-03-06 07:25:00,-1,110.65625,111.49453125,160,-856.9062499999943,18.625,True,3200,0.01
143,tf,801115,801127,2023-03-16 09:45:00,2023-03-16 10:45:00,1,116.0,114.8709375,12,-1147.6875000000034,18.625,True,3200,0.01
144,tf,801563,801647,2023-03-23 13:45:00,2023-03-27 07:25:00,1,116.03125,115.81453125,84,-235.3437499999983,18.625,True,1280,0.01
144,tf,802962,803282,2023-04-19 07:25:00,2023-04-25 07:25:00,-1,114.21875,115.10843750000001,320,-908.312500000008,18.625,True,1280,0.01
144,tf,803830,803924,2023-05-03 13:05:00,2023-05-05 07:35:00,1,116.25,115.83,94,-438.6250000000017,18.625,True,1280,0.01
144,tf,804637,805202,2023-05-17 13:40:00,2023-05-29 07:25:00,-1,114.484375,113.29359375,565,1172.1562500000005,18.625,True,1280,0.01
145,tf,807001,807610,2023-06-29 08:00:00,2023-07-11 07:25:00,-1,112.390625,111.2578125,609,1114.1875,18.625,True,1280,0.01
145,tf,808843,809065,2023-08-01 10:10:00,2023-08-04 08:40:00,-1,110.859375,110.8475,222,-6.749999999996589,18.625,True,1280,0.01
145,tf,809610,810150,2023-08-15 07:25:00,2023-08-23 12:25:00,-1,109.75,109.96375,540,-232.37500000000455,18.625,True,1280,0.01
146,tf,811734,812228,2023-09-20 13:05:00,2023-09-29 07:35:00,-1,109.09375,108.2909375,494,784.1875000000017,18.625,True,1440,0.01
146,tf,812352,812706,2023-10-02 11:15:00,2023-10-09 07:25:00,-1,107.21875,107.26515625,354,-65.03125000000398,18.625,True,1440,0.01
146,tf,813250,813557,2023-10-17 12:45:00,2023-10-23 11:40:00,-1,106.203125,106.38140625,307,-196.90624999999773,18.625,True,1440,0.01
146,tf,814236,814331,2023-11-03 08:15:00,2023-11-06 09:30:00,1,108.5,107.6934375,95,-825.1874999999983,18.625,True,1440,0.01
146,tf,814798,816183,2023-11-14 08:25:00,2023-12-08 07:35:00,1,108.78125,110.1684375,1385,1368.562499999996,18.625,True,1440,0.01
147,tf,816489,817381,2023-12-13 13:05:00,2024-01-02 07:25:00,1,111.28125,112.22578125,892,925.9062499999972,18.625,True,1440,0.01
147,tf,818361,819037,2024-01-18 11:05:00,2024-01-31 07:25:00,-1,111.203125,111.920625,676,-736.1250000000011,18.625,True,1440,0.01
147,tf,819134,819199,2024-02-01 08:50:00,2024-02-02 07:35:00,1,112.828125,112.07109375,65,-775.6562499999972,18.625,True,1440,0.01
147,tf,819297,820699,2024-02-05 09:05:00,2024-02-29 07:55:00,-1,110.8125,110.405625,1402,388.24999999999943,18.625,True,1440,0.01
147,tf,820953,821413,2024-03-05 09:05:00,2024-03-13 07:25:00,1,111.21875,111.01921875,460,-218.15625000000682,18.625,True,1440,0.01
148,tf,822453,824212,2024-04-02 07:25:00,2024-05-01 14:00:00,-1,109.765625,108.19625,1759,1550.7499999999936,18.625,True,1440,0.01
148,tf,824933,825430,2024-05-15 07:25:00,2024-05-23 08:50:00,1,109.296875,108.8071875,497,-508.3125000000023,18.625,True,1440,0.01
148,tf,825725,825949,2024-05-29 08:45:00,2024-06-03 07:25:00,-1,108.25,109.0484375,224,-817.0625000000057,18.625,True,1440,0.01
148,tf,826046,826272,2024-06-04 08:50:00,2024-06-07 07:40:00,1,109.90625,109.5496875,226,-375.18749999999545,18.625,True,1440,0.01
149,tf,826563,827367,2024-06-12 11:55:00,2024-06-27 07:35:00,1,110.65625,109.9209375,804,-753.9375000000063,18.625,True,1440,0.01
149,tf,828143,829546,2024-07-11 07:35:00,2024-08-05 11:10:00,1,110.90625,113.95828125,1403,3033.406249999999,18.625,True,1440,0.01
150,tf,831600,832124,2024-09-10 11:00:00,2024-09-19 08:00:00,1,115.40625,114.51515625,524,-909.718749999996,18.625,True,1280,0.01
150,tf,832542,834997,2024-09-26 09:30:00,2024-11-08 07:25:00,-1,114.296875,110.32671875,2455,3951.5312500000023,18.625,True,1280,0.01
150,tf,835319,835558,2024-11-14 07:35:00,2024-11-19 07:30:00,-1,109.234375,110.026875,239,-811.125000000004,18.625,True,1280,0.01
151,tf,837112,838603,2024-12-17 07:25:00,2025-01-15 08:30:00,-1,109.59375,108.27515625,1491,1299.968750000005,18.625,True,1280,0.01
151,tf,839206,840110,2025-01-27 07:25:00,2025-02-11 09:25:00,1,109.03125,108.9,904,-149.87499999999432,18.625,True,1280,0.01
151,tf,840178,840328,2025-02-12 08:25:00,2025-02-14 07:35:00,-1,108.1875,109.20625,150,-1037.3749999999973,18.625,True,1280,0.01
151,tf,840862,841373,2025-02-25 07:25:00,2025-03-05 10:00:00,1,110.0,110.9109375,511,892.3125000000028,18.625,True,1280,0.01
152,tf,842462,842782,2025-03-25 07:25:00,2025-03-31 07:25:00,-1,110.390625,111.546875,320,-1174.875,18.625,True,1280,0.01
152,tf,842782,843187,2025-03-31 07:25:00,2025-04-07 07:50:00,1,111.546875,112.81359375,405,1248.0937499999955,18.625,True,1280,0.01
152,tf,843342,843424,2025-04-09 07:25:00,2025-04-10 07:35:00,-1,110.296875,111.14734375,82,-869.0937500000045,18.625,True,1280,0.01
152,tf,843511,843594,2025-04-11 08:10:00,2025-04-14 08:25:00,-1,110.046875,110.3425,83,-314.25000000000114,18.625,True,1280,0.01
152,tf,844542,844624,2025-05-01 07:25:00,2025-05-02 07:35:00,1,112.390625,111.51421875,82,-895.0312500000023,18.625,True,1280,0.01
152,tf,845102,846006,2025-05-12 07:25:00,2025-05-27 11:25:00,-1,110.578125,110.5003125,904,59.18749999999318,18.625,True,1280,0.01
152,tf,846458,846602,2025-06-04 09:05:00,2025-06-06 07:45:00,1,110.921875,110.33859375,144,-601.9062499999989,18.625,True,1280,0.01
153,tf,846840,846918,2025-06-11 07:35:00,2025-06-12 07:25:00,-1,109.890625,110.97375,78,-1101.7499999999955,18.625,True,960,0.01
153,tf,847478,848096,2025-06-23 09:25:00,2025-07-03 07:35:00,1,111.453125,111.1275,618,-344.2500000000023,18.625,True,960,0.01
153,tf,848632,849130,2025-07-14 07:35:00,2025-07-22 09:05:00,-1,110.671875,111.36828125,498,-715.0312499999955,18.625,True,960,0.01
154,tf,852048,852462,2025-09-11 07:35:00,2025-09-18 08:45:00,1,113.671875,112.7671875,414,-923.3124999999943,18.625,True,960,0.01
154,tf,852644,853758,2025-09-22 10:35:00,2025-10-10 10:05:00,-1,112.71875,112.96875,1114,-268.625,18.625,True,960,0.01
154,tf,853758,854841,2025-10-10 10:05:00,2025-10-29 13:40:00,1,112.96875,113.09375,1083,106.375,18.625,True,960,0.01
154,tf,854841,856126,2025-10-29 13:40:00,2025-11-21 07:25:00,-1,113.09375,113.140625,1285,-65.5,18.625,True,960,0.01
155,tf,856967,860198,2025-12-08 07:55:00,2026-02-05 07:35:00,-1,112.359375,111.921875,3231,418.875,18.625,True,960,0.01
155,tf,860198,861612,2026-02-05 07:35:00,2026-03-03 07:25:00,1,111.921875,112.671875,1414,731.375,18.625,True,960,0.01
