entry_bar,exit_bar,entry_time,exit_time,direction,entry_price,exit_price,duration_bars,pnl,slippage,is_oos
7209,9021,1983-01-31 08:10:00,1983-02-07 08:22:00,-1,82.9375,82.7253125,1812,193.56249999999886,18.625,True
11904,15123,1983-02-17 08:25:00,1983-03-03 08:04:00,1,83.90625,85.7896875,3219,1864.8124999999995,18.625,True
20068,20503,1983-03-22 12:29:00,1983-03-23 13:44:00,-1,83.75,84.524375,435,-793.0000000000063,18.625,True
23062,27003,1983-04-05 08:23:00,1983-04-20 08:04:00,1,84.90625,85.573125,3941,648.2500000000045,18.625,True
28959,31853,1983-04-27 10:40:00,1983-05-09 10:54:00,1,86.4375,86.4084375,2894,-47.687499999994884,18.625,True
34661,37806,1983-05-19 09:42:00,1983-06-02 08:07:00,-1,85.5,84.39812500000001,3145,1083.2499999999927,18.625,True
38521,40320,1983-06-06 08:02:00,1983-06-13 08:01:00,-1,83.5625,83.1040625,1799,439.8125000000023,18.625,True
43633,44384,1983-06-24 09:14:00,1983-06-28 09:45:00,-1,82.28125,82.2203125,751,42.312499999994316,18.625,True
45728,48287,1983-07-05 08:09:00,1983-07-14 08:48:00,-1,81.40625,80.7684375,2559,619.1874999999955,18.625,True
48610,49302,1983-07-15 08:11:00,1983-07-18 13:43:00,-1,79.96875,80.5475,692,-597.3749999999994,18.625,True
51989,55441,1983-07-28 10:30:00,1983-08-11 08:02:00,-1,79.75,78.211875,3452,1519.4999999999936,18.625,True
57276,57666,1983-08-18 08:37:00,1983-08-19 09:07:00,1,80.625,79.880625,390,-763.0000000000051,18.625,True
57961,59381,1983-08-22 08:02:00,1983-08-25 13:42:00,1,80.6875,80.40656249999999,1420,-299.5625000000074,18.625,True
66601,67695,1983-09-26 08:02:00,1983-09-29 08:16:00,1,81.03125,80.56125,1094,-488.62499999999886,18.625,True
69127,70200,1983-10-05 08:08:00,1983-10-10 08:01:00,1,81.375,81.0871875,1073,-306.43750000000114,18.625,True
74212,78727,1983-10-25 08:53:00,1983-11-10 12:08:00,-1,79.90625,79.853125,4515,34.499999999994316,18.625,True
81362,83881,1983-11-22 08:03:00,1983-12-02 08:02:00,1,80.53125,80.06625,2519,-483.6250000000034,18.625,True
84110,89278,1983-12-02 11:51:00,1983-12-22 13:59:00,-1,79.21875,79.221875,5168,-21.749999999997158,18.625,True
92075,100471,1984-01-05 12:36:00,1984-02-08 08:32:00,1,79.46875,79.9375,8396,450.125,18.625,True
100471,108902,1984-02-08 08:32:00,1984-03-13 11:03:00,-1,79.9375,77.29656250000001,8431,2622.3124999999927,18.625,True
109261,109800,1984-03-14 11:02:00,1984-03-16 08:01:00,-1,76.53125,77.2334375,539,-720.8124999999937,18.625,True
110160,113050,1984-03-19 08:01:00,1984-03-29 08:11:00,-1,76.46875,76.50750000000001,2890,-57.37500000000739,18.625,True
114306,115219,1984-04-03 11:07:00,1984-04-06 08:20:00,-1,75.75,76.2865625,913,-555.1875000000023,18.625,True
116641,117360,1984-04-12 08:02:00,1984-04-16 08:01:00,1,76.65625,76.044375,719,-630.4999999999977,18.625,True
118212,119902,1984-04-18 10:13:00,1984-04-26 08:23:00,-1,75.53125,75.75,1690,-237.375,18.625,True
120601,124775,1984-04-30 08:02:00,1984-05-15 11:36:00,-1,75.0,72.6884375,4174,2292.9374999999936,18.625,True
127204,128521,1984-05-24 10:05:00,1984-05-31 08:02:00,-1,71.96875,70.4790625,1317,1471.0625000000023,18.625,True
132481,132927,1984-06-15 08:02:00,1984-06-18 09:28:00,1,73.46875,73.1053125,446,-382.0625000000034,18.625,True
135773,137160,1984-06-28 08:54:00,1984-07-05 08:01:00,-1,71.25,71.6784375,1387,-447.06250000000114,18.625,True
139321,140041,1984-07-13 08:02:00,1984-07-17 08:02:00,1,73.59375,73.321875,720,-290.4999999999943,18.625,True
141121,141419,1984-07-20 08:02:00,1984-07-20 13:00:00,1,74.0625,73.3528125,298,-728.3125000000011,18.625,True
141840,143328,1984-07-24 08:01:00,1984-07-30 08:49:00,1,74.09375,74.806875,1488,694.5000000000051,18.625,True
144016,145141,1984-08-01 08:17:00,1984-08-06 09:02:00,1,75.5625,76.0134375,1125,432.3124999999949,18.625,True
146520,146880,1984-08-10 08:01:00,1984-08-13 08:01:00,1,76.78125,76.0134375,360,-786.4375000000051,18.625,True
151542,153249,1984-08-29 13:43:00,1984-09-06 12:10:00,-1,75.375,75.0871875,1707,269.18750000000114,18.625,True
154106,155520,1984-09-11 08:27:00,1984-09-17 08:01:00,1,76.59375,77.1271875,1414,514.8125000000051,18.625,True
156451,156963,1984-09-19 11:32:00,1984-09-21 08:04:00,1,77.90625,77.2509375,512,-673.9374999999937,18.625,True
163800,165920,1984-10-18 08:01:00,1984-10-25 13:21:00,1,77.84375,79.261875,2120,1399.5000000000034,18.625,True
167044,169061,1984-10-31 08:05:00,1984-11-07 11:42:00,1,80.0625,80.06625,2017,-14.87500000000341,18.625,True
172655,174130,1984-11-21 11:36:00,1984-11-28 12:11:00,1,80.875,81.613125,1475,719.4999999999966,18.625,True
187205,188949,1985-01-22 08:06:00,1985-01-28 13:10:00,1,81.15625,82.17,1744,995.1250000000017,18.625,True
194727,195843,1985-02-20 13:28:00,1985-02-26 08:04:00,-1,80.59375,79.79,1116,785.1249999999937,18.625,True
196483,197309,1985-02-27 12:44:00,1985-03-04 08:30:00,-1,79.0,78.338125,826,643.2499999999949,18.625,True
198360,198721,1985-03-07 08:01:00,1985-03-08 08:02:00,-1,77.5625,78.1171875,361,-573.3125,18.625,True
201249,201600,1985-03-19 08:10:00,1985-03-20 08:01:00,-1,77.34375,78.1171875,351,-792.0625,18.625,True
203287,205587,1985-03-26 12:08:00,1985-04-04 08:28:00,1,78.8125,78.82875,2300,-2.3750000000005684,18.625,True
206640,210143,1985-04-10 08:01:00,1985-04-23 12:24:00,1,79.625,81.4275,3503,1783.874999999995,18.625,True
212893,213919,1985-05-03 10:14:00,1985-05-08 09:20:00,1,82.25,81.7059375,1026,-562.6874999999955,18.625,True
214560,217801,1985-05-10 08:01:00,1985-05-23 08:02:00,1,82.53125,84.7378125,3241,2187.937500000004,18.625,True
218521,220742,1985-05-28 08:02:00,1985-06-05 09:03:00,1,85.59375,87.7696875,2221,2157.3125000000036,18.625,True
225012,226629,1985-06-21 08:13:00,1985-06-27 11:10:00,-1,85.59375,85.2503125,1617,324.8124999999932,18.625,True
233261,234925,1985-07-24 13:42:00,1985-07-31 11:26:00,-1,84.71875,84.4928125,1664,207.31250000000057,18.625,True
238694,239047,1985-08-15 08:15:00,1985-08-16 08:08:00,1,86.125,85.3875,353,-756.1249999999972,18.625,True
239315,241200,1985-08-16 12:36:00,1985-08-26 08:01:00,1,86.25,86.8725,1885,603.8750000000023,18.625,True
244081,245915,1985-09-06 08:02:00,1985-09-13 08:36:00,-1,85.09375,84.9978125,1834,77.31250000000512,18.625,True
250781,251444,1985-10-02 11:42:00,1985-10-04 10:45:00,1,86.1875,85.4184375,663,-787.687500000004,18.625,True
254532,257041,1985-10-17 08:13:00,1985-10-28 08:02:00,1,86.28125,86.3465625,2509,46.68750000000455,18.625,True
257672,258480,1985-10-29 12:33:00,1985-11-01 08:01:00,1,87.21875,87.4603125,808,222.93750000000057,18.625,True
259248,262080,1985-11-05 08:49:00,1985-11-15 08:01:00,1,88.34375,88.6359375,2832,273.56249999999716,18.625,True
262672,264237,1985-11-18 11:53:00,1985-11-22 13:58:00,1,89.53125,89.5640625,1565,14.187500000005684,18.625,True
267841,270378,1985-12-10 08:02:00,1985-12-19 08:19:00,1,90.46875,91.7915625,2537,1304.1874999999977,18.625,True
270891,273600,1985-12-20 10:52:00,1986-01-03 08:01:00,1,92.71875,92.4103125,2709,-327.0624999999966,18.625,True
274620,274930,1986-01-07 13:01:00,1986-01-08 12:11:00,1,93.34375,92.68875,310,-673.6250000000011,18.625,True
275064,276482,1986-01-09 08:25:00,1986-01-15 08:03:00,-1,91.125,90.9,1418,206.37499999999432,18.625,True
281495,282370,1986-02-03 13:36:00,1986-02-06 10:11:00,1,93.375,93.1528125,875,-240.81250000000398,18.625,True
284040,287695,1986-02-13 08:01:00,1986-02-28 08:56:00,1,94.09375,99.0928125,3655,4980.437499999994,18.625,True
288363,288721,1986-03-04 08:04:00,1986-03-05 08:02:00,1,100.09375,99.4021875,358,-710.1875000000034,18.625,True
289929,290880,1986-03-10 10:10:00,1986-03-13 08:01:00,1,100.40625,100.1446875,951,-280.1874999999966,18.625,True
294215,295362,1986-03-26 09:36:00,1986-04-01 10:43:00,1,101.15625,103.145625,1147,1970.7499999999955,18.625,True
299161,299558,1986-04-16 08:02:00,1986-04-17 08:39:00,1,104.1875,104.1975,397,-8.624999999994884,18.625,True
300994,301095,1986-04-23 08:35:00,1986-04-23 10:16:00,-1,101.28125,102.2940625,101,-1031.4374999999955,18.625,True
301375,302399,1986-04-24 08:56:00,1986-04-28 14:00:00,-1,101.28125,101.568125,1024,-305.4999999999949,18.625,True
305305,305426,1986-05-09 08:26:00,1986-05-09 10:27:00,-1,100.5625,100.936875,121,-393.00000000000057,18.625,True
305730,306143,1986-05-12 09:31:00,1986-05-13 10:24:00,-1,99.9375,100.2425,413,-323.6250000000068,18.625,True
307016,307926,1986-05-15 12:57:00,1986-05-20 10:07:00,-1,99.25,98.34875,910,882.6250000000045,18.625,True
310300,310518,1986-05-29 13:41:00,1986-05-30 11:19:00,-1,97.375,97.654375,218,-298.0000000000017,18.625,True
310676,311312,1986-05-30 13:57:00,1986-06-03 12:33:00,-1,96.6875,96.013125,636,655.7499999999977,18.625,True
311525,311535,1986-06-04 10:06:00,1986-06-04 10:16:00,-1,95.0625,95.5396875,10,-495.81249999999943,18.625,True
314649,315366,1986-06-17 08:10:00,1986-06-19 08:07:00,1,100.375,99.433125,717,-960.499999999996,18.625,True
316428,317160,1986-06-23 13:49:00,1986-06-26 08:01:00,1,100.4375,100.485,732,28.87499999999943,18.625,True
318240,319682,1986-07-01 08:01:00,1986-07-08 08:03:00,1,101.5,101.041875,1442,-476.74999999999545,18.625,True
321482,322271,1986-07-15 08:03:00,1986-07-17 09:12:00,1,102.0625,101.84625,789,-234.87500000000227,18.625,True
325031,325300,1986-07-28 13:12:00,1986-07-29 11:41:00,-1,100.53125,101.0,269,-487.375,18.625,True
328334,331562,1986-08-11 08:15:00,1986-08-22 08:03:00,1,102.875,103.9809375,3228,1087.312499999996,18.625,True
333361,333720,1986-08-29 08:02:00,1986-09-02 08:01:00,1,105.03125,104.1046875,359,-945.1875000000028,18.625,True
334808,336600,1986-09-05 08:09:00,1986-09-12 08:01:00,-1,101.78125,101.0,1792,762.625,18.625,True
336676,336772,1986-09-12 09:17:00,1986-09-12 10:53:00,-1,100.0,100.2425,96,-261.1250000000068,18.625,True
342000,344164,1986-10-03 08:01:00,1986-10-13 08:05:00,1,101.9375,101.908125,2164,-48.000000000001705,18.625,True
348840,351001,1986-10-30 08:01:00,1986-11-07 08:02:00,1,102.9375,102.6196875,2161,-336.4375000000023,18.625,True
353922,356760,1986-11-19 08:43:00,1986-12-02 08:01:00,1,103.65625,103.455,2838,-219.8750000000017,18.625,True
357782,358188,1986-12-04 13:03:00,1986-12-05 13:49:00,1,104.5,103.4859375,406,-1032.6874999999943,18.625,True
365038,370145,1987-01-05 13:59:00,1987-01-26 09:06:00,1,104.5,104.07375,5107,-444.874999999996,18.625,True
371880,375139,1987-02-02 08:01:00,1987-02-13 08:20:00,-1,103.96875,103.9353125,3259,14.812500000005116,18.625,True
377282,379403,1987-02-24 08:03:00,1987-03-03 13:24:00,1,104.625,103.8571875,2121,-786.4375000000051,18.625,True
385815,389903,1987-03-27 12:16:00,1987-04-14 08:24:00,-1,103.5,96.96000000000001,4088,6521.374999999992,18.625,True
392527,392981,1987-04-24 10:08:00,1987-04-27 11:42:00,-1,96.0,96.013125,454,-31.750000000002274,18.625,True
397801,398502,1987-05-15 08:02:00,1987-05-18 13:43:00,-1,95.0625,94.624375,701,419.49999999999943,18.625,True
398879,399651,1987-05-19 14:00:00,1987-05-22 08:52:00,-1,93.6875,94.30875,772,-639.8750000000034,18.625,True
404862,407523,1987-06-12 11:43:00,1987-06-24 08:04:00,1,96.625,96.7725,2661,128.87499999999375,18.625,True
414351,418203,1987-07-21 13:52:00,1987-08-05 12:04:00,-1,95.9375,94.8453125,3852,1073.5624999999943,18.625,True
420794,421307,1987-08-14 13:15:00,1987-08-18 09:48:00,1,96.0,95.10187499999999,513,-916.7500000000074,18.625,True
423809,425889,1987-08-27 09:30:00,1987-09-04 08:10:00,-1,93.90625,91.3103125,2080,2577.312500000005,18.625,True
425941,426829,1987-09-04 09:02:00,1987-09-09 11:50:00,-1,90.40625,89.8584375,888,529.1875000000063,18.625,True
432003,432966,1987-09-30 08:04:00,1987-10-02 12:07:00,-1,88.96875,88.9746875,963,-24.562500000001705,18.625,True
434365,435257,1987-10-08 11:26:00,1987-10-13 08:18:00,-1,88.09375,87.6175,892,457.6249999999932,18.625,True
435679,436080,1987-10-14 09:20:00,1987-10-15 10:01:00,-1,86.75,85.72375,401,1007.6250000000045,18.625,True
437400,437448,1987-10-21 08:01:00,1987-10-21 08:49:00,1,90.09375,90.523125,48,410.7499999999932,18.625,True
437514,437516,1987-10-21 09:55:00,1987-10-21 09:57:00,1,91.4375,90.5540625,2,-902.0624999999994,18.625,True
437563,437816,1987-10-21 10:44:00,1987-10-22 08:57:00,1,91.46875,93.06,253,1572.6250000000023,18.625,True
438120,438168,1987-10-23 08:01:00,1987-10-23 08:49:00,1,94.0,93.8953125,48,-123.31249999999716,18.625,True
441512,441729,1987-11-05 10:33:00,1987-11-06 08:10:00,1,94.84375,94.0809375,217,-781.4374999999955,18.625,True
447078,447402,1987-11-27 13:19:00,1987-11-30 12:43:00,-1,92.46875,93.1725,324,-722.3749999999994,18.625,True
447480,448601,1987-12-01 08:01:00,1987-12-04 08:42:00,-1,92.25,92.983125,1121,-751.7500000000011,18.625,True
449174,451174,1987-12-07 12:15:00,1987-12-15 09:35:00,-1,92.0625,91.49968750000001,2000,544.1874999999926,18.625,True
453275,453960,1987-12-23 08:36:00,1987-12-28 08:01:00,1,93.625,93.1528125,685,-490.812500000004,18.625,True
454934,456480,1987-12-30 12:15:00,1988-01-07 08:01:00,1,94.09375,93.7715625,1546,-340.8124999999983,18.625,True
458640,463783,1988-01-15 08:01:00,1988-02-04 09:44:00,1,94.71875,97.63875,5143,2901.375000000002,18.625,True
464040,465876,1988-02-05 08:01:00,1988-02-12 08:37:00,1,98.625,97.9171875,1836,-726.4375000000028,18.625,True
471004,479206,1988-03-04 10:05:00,1988-04-07 08:47:00,-1,96.9375,95.381875,8202,1537.0000000000064,18.625,True
481320,493034,1988-04-15 08:01:00,1988-06-01 11:15:00,-1,94.4375,92.3834375,11714,2035.4375000000005,18.625,True
495609,496800,1988-06-10 12:10:00,1988-06-16 08:01:00,1,93.21875,93.8953125,1191,657.9375000000028,18.625,True
503602,508320,1988-07-13 13:23:00,1988-08-02 08:01:00,-1,92.1875,92.92,4718,-751.1250000000017,18.625,True
508637,509761,1988-08-02 13:18:00,1988-08-08 08:02:00,1,93.21875,92.5340625,1124,-703.3124999999955,18.625,True
510335,512282,1988-08-09 11:36:00,1988-08-17 08:03:00,-1,92.0,91.468125,1947,513.2499999999994,18.625,True
516604,519845,1988-09-02 08:05:00,1988-09-16 08:06:00,1,92.71875,93.616875,3241,879.4999999999932,18.625,True
524694,526406,1988-10-05 10:55:00,1988-10-12 09:27:00,1,94.5625,94.606875,1712,25.750000000002274,18.625,True
530690,532440,1988-10-28 08:51:00,1988-11-04 08:01:00,1,95.5625,94.978125,1750,-602.9999999999943,18.625,True
533150,539487,1988-11-07 13:11:00,1988-11-30 12:08:00,-1,94.15625,93.361875,6337,775.7500000000023,18.625,True
541218,541640,1988-12-07 07:39:00,1988-12-08 08:01:00,1,94.1875,93.369375,422,-836.7499999999949,18.625,True
543203,544810,1988-12-14 07:24:00,1988-12-20 07:31:00,-1,92.4375,93.07781250000001,1607,-658.9375000000074,18.625,True
548008,551149,1989-01-03 07:29:00,1989-01-12 13:10:00,-1,92.15625,92.8253125,3141,-687.6874999999955,18.625,True
551533,554843,1989-01-13 12:54:00,1989-01-26 08:04:00,1,93.53125,93.43125,3310,-118.62499999999432,18.625,True
559081,564000,1989-02-09 12:02:00,1989-03-01 07:21:00,-1,93.25,92.0046875,4919,1226.6874999999973,18.625,True
568814,570575,1989-03-17 07:35:00,1989-03-23 10:16:00,-1,91.09375,91.3103125,1761,-235.18749999999488,18.625,True
572907,574800,1989-04-03 09:08:00,1989-04-10 07:21:00,1,92.34375,92.00812499999999,1893,-354.2500000000074,18.625,True
577223,578153,1989-04-18 07:44:00,1989-04-20 09:54:00,1,92.9375,92.5959375,930,-360.1874999999949,18.625,True
579611,581187,1989-04-26 07:32:00,1989-05-01 13:48:00,1,93.53125,92.998125,1576,-551.7499999999983,18.625,True
582410,583491,1989-05-05 07:31:00,1989-05-09 12:12:00,1,93.9375,93.2146875,1081,-741.4375000000034,18.625,True
584412,588400,1989-05-12 07:33:00,1989-05-26 07:21:00,1,94.15625,95.2875,3988,1112.6249999999943,18.625,True
590001,592010,1989-06-02 07:22:00,1989-06-09 07:31:00,1,96.25,97.63875,2009,1370.1250000000018,18.625,True
592126,592804,1989-06-09 09:27:00,1989-06-13 07:25:00,1,98.65625,98.1646875,678,-510.18750000000057,18.625,True
598179,602410,1989-06-30 10:20:00,1989-07-18 07:31:00,1,99.15625,99.185625,4231,10.750000000001705,18.625,True
605210,606946,1989-07-27 07:31:00,1989-08-02 09:47:00,1,100.1875,101.22749999999999,1736,1021.374999999992,18.625,True
609340,609610,1989-08-10 09:41:00,1989-08-11 07:31:00,-1,99.09375,100.053125,270,-977.9999999999943,18.625,True
609854,611210,1989-08-11 11:35:00,1989-08-17 07:31:00,-1,99.0625,98.9484375,1356,95.43750000000284,18.625,True
611611,615724,1989-08-18 07:32:00,1989-09-01 09:25:00,-1,97.96875,98.285625,4113,-335.499999999996,18.625,True
618584,620829,1989-09-13 10:25:00,1989-09-21 07:50:00,1,98.875,98.4740625,2245,-419.5624999999977,18.625,True
621969,624400,1989-09-25 13:30:00,1989-10-04 07:21:00,-1,97.3125,98.09625,2431,-802.3749999999977,18.625,True
625222,627722,1989-10-06 07:43:00,1989-10-16 09:23:00,1,99.46875,99.86625,2500,378.87499999999375,18.625,True
634934,638010,1989-11-09 09:35:00,1989-11-21 07:31:00,1,100.8125,100.11375,3076,-717.375000000004,18.625,True
642810,644790,1989-12-08 07:31:00,1989-12-14 13:51:00,-1,100.0625,100.936875,1980,-893.0000000000006,18.625,True
644806,647281,1989-12-15 07:27:00,1989-12-26 08:42:00,1,100.96875,100.2065625,2475,-780.812499999996,18.625,True
647496,657590,1989-12-26 12:17:00,1990-01-31 13:51:00,-1,99.9375,96.9284375,10094,2990.437499999999,18.625,True
659200,659732,1990-02-07 07:21:00,1990-02-08 09:33:00,-1,95.96875,96.7390625,532,-788.9375000000028,18.625,True
662534,663589,1990-02-20 09:35:00,1990-02-22 13:50:00,-1,95.78125,96.2971875,1055,-534.5625000000068,18.625,True
666394,669676,1990-03-05 13:55:00,1990-03-16 08:37:00,-1,95.34375,95.7290625,3282,-403.9374999999977,18.625,True
672001,673700,1990-03-26 07:22:00,1990-03-30 09:01:00,1,96.65625,95.7515625,1699,-923.3124999999943,18.625,True
677911,683210,1990-04-16 12:32:00,1990-05-04 07:31:00,-1,95.34375,93.740625,5299,1584.5000000000057,18.625,True
685200,687504,1990-05-11 07:21:00,1990-05-18 12:25:00,1,94.6875,94.9471875,2304,241.0624999999983,18.625,True
688410,695342,1990-05-23 07:31:00,1990-06-18 09:43:00,1,95.90625,96.463125,6932,538.2500000000051,18.625,True
697500,698803,1990-06-25 12:21:00,1990-06-29 07:24:00,-1,96.03125,96.8021875,1303,-789.5625000000023,18.625,True
702050,702352,1990-07-12 08:11:00,1990-07-12 13:13:00,-1,95.84375,96.58125,302,-756.1249999999972,18.625,True
704945,705200,1990-07-23 09:46:00,1990-07-24 07:21:00,1,97.21875,96.40125,255,-836.1249999999955,18.625,True
706809,708000,1990-07-30 07:30:00,1990-08-02 07:21:00,1,97.375,97.1746875,1191,-218.93749999999545,18.625,True
709002,710332,1990-08-06 10:43:00,1990-08-09 12:53:00,-1,96.15625,95.44500000000001,1330,692.6249999999926,18.625,True
712913,714804,1990-08-20 09:14:00,1990-08-27 07:25:00,-1,94.5,93.9615625,1891,519.8125000000006,18.625,True
722259,723985,1990-09-21 11:40:00,1990-09-27 13:46:00,-1,93.65625,93.93,1726,-292.3750000000068,18.625,True
724459,726835,1990-10-01 08:20:00,1990-10-09 07:56:00,1,94.875,94.8853125,2376,-8.312500000002274,18.625,True
730000,732816,1990-10-19 07:21:00,1990-10-30 07:37:00,1,95.84375,95.225625,2816,-636.7500000000063,18.625,True
733622,745767,1990-11-01 07:43:00,1990-12-14 10:08:00,1,96.1875,99.12375,12145,2917.625000000001,18.625,True
752392,752810,1991-01-09 13:53:00,1991-01-11 07:31:00,-1,97.6875,98.5696875,418,-900.8125000000006,18.625,True
753200,754400,1991-01-14 07:21:00,1991-01-17 07:21:00,-1,97.59375,98.53812500000001,1200,-963.000000000008,18.625,True
758810,764400,1991-02-01 07:31:00,1991-02-22 07:21:00,1,99.78125,100.0828125,5590,282.93750000000284,18.625,True
765221,770000,1991-02-26 07:42:00,1991-03-14 07:21:00,-1,99.84375,98.8853125,4779,939.8125000000023,18.625,True
771162,772807,1991-03-18 13:23:00,1991-03-25 07:28:00,-1,97.90625,98.0646875,1645,-177.06250000000512,18.625,True
775634,777567,1991-04-04 07:55:00,1991-04-10 13:28:00,1,98.96875,98.5359375,1933,-451.43749999999716,18.625,True
778402,780049,1991-04-15 07:23:00,1991-04-19 08:10:00,1,99.53125,98.814375,1647,-735.5000000000017,18.625,True
780729,782887,1991-04-22 12:50:00,1991-04-30 08:48:00,-1,98.40625,99.2640625,2158,-876.4374999999943,18.625,True
784000,785206,1991-05-03 07:21:00,1991-05-08 07:27:00,1,99.8125,98.87625,1206,-954.8750000000011,18.625,True
786943,789272,1991-05-14 09:44:00,1991-05-22 08:33:00,-1,98.28125,99.0746875,2329,-812.062499999996,18.625,True
791558,792000,1991-05-30 13:19:00,1991-06-03 07:21:00,1,99.375,98.4121875,442,-981.4374999999983,18.625,True
792032,795817,1991-06-03 07:53:00,1991-06-14 10:58:00,-1,98.09375,96.9915625,3785,1083.5624999999995,18.625,True
799799,813830,1991-06-28 10:40:00,1991-08-19 11:11:00,1,97.46875,100.485,14031,2997.6249999999995,18.625,True
818800,819219,1991-09-06 07:21:00,1991-09-09 07:40:00,-1,99.9375,100.7475,419,-828.6250000000023,18.625,True
820800,828389,1991-09-13 07:21:00,1991-10-09 13:50:00,1,101.34375,102.1865625,7589,824.1874999999937,18.625,True
831550,833610,1991-10-21 13:11:00,1991-10-29 07:31:00,-1,101.65625,102.1678125,2060,-530.1874999999966,18.625,True
834585,836000,1991-10-31 10:26:00,1991-11-06 07:21:00,1,103.0625,102.34125,1415,-739.8749999999977,18.625,True
836800,838022,1991-11-08 07:21:00,1991-11-13 07:43:00,1,103.375,102.650625,1222,-742.9999999999949,18.625,True
838411,842010,1991-11-14 07:32:00,1991-11-27 07:31:00,1,103.6875,102.83624999999999,3599,-869.8750000000074,18.625,True
843803,844411,1991-12-04 10:44:00,1991-12-06 07:32:00,1,103.875,104.4140625,608,520.4375,18.625,True
848425,851498,1991-12-20 07:46:00,1992-01-02 12:19:00,1,105.46875,106.4559375,3073,968.5625000000045,18.625,True
854641,854990,1992-01-14 11:22:00,1992-01-15 10:31:00,-1,104.25,104.7875,349,-556.1249999999943,18.625,True
857777,858800,1992-01-24 10:18:00,1992-01-29 07:21:00,-1,103.75,104.724375,1023,-992.9999999999949,18.625,True
859195,860823,1992-01-29 13:56:00,1992-02-05 07:44:00,-1,103.6875,104.03,1628,-361.12500000000114,18.625,True
863277,864232,1992-02-13 08:38:00,1992-02-18 11:13:00,-1,103.0,103.33562500000001,955,-354.2500000000074,18.625,True
867884,869535,1992-03-02 12:05:00,1992-03-06 12:56:00,-1,102.3125,101.820625,1651,473.2499999999932,18.625,True
871303,872800,1992-03-13 09:04:00,1992-03-19 07:21:00,-1,100.8125,101.189375,1497,-395.4999999999983,18.625,True
876777,881200,1992-04-01 13:38:00,1992-04-20 07:21:00,1,102.40625,102.4340625,4423,9.187499999996021,18.625,True
887358,890400,1992-05-11 09:59:00,1992-05-21 07:21:00,1,103.15625,103.764375,3042,589.5000000000011,18.625,True
892920,894416,1992-06-01 09:21:00,1992-06-05 07:37:00,-1,102.34375,103.02,1496,-694.874999999996,18.625,True
897582,909600,1992-06-16 13:43:00,1992-07-30 07:21:00,1,103.65625,108.1575,12018,4482.624999999999,18.625,True
912402,913977,1992-08-10 07:23:00,1992-08-13 13:38:00,1,109.25,108.838125,1575,-430.4999999999949,18.625,True
916076,916326,1992-08-21 08:37:00,1992-08-21 12:47:00,1,109.9375,109.085625,250,-870.5000000000068,18.625,True
917177,918081,1992-08-25 13:38:00,1992-08-28 08:42:00,-1,107.625,108.70125,904,-1094.8750000000018,18.625,True
918800,920010,1992-09-01 07:21:00,1992-09-04 07:31:00,-1,107.625,108.511875,1210,-905.5000000000034,18.625,True
927380,927612,1992-10-01 10:21:00,1992-10-02 07:33:00,1,109.90625,109.1475,232,-777.3750000000063,18.625,True
928128,928800,1992-10-05 09:29:00,1992-10-07 07:21:00,1,110.25,109.51875,672,-749.8750000000028,18.625,True
931642,933184,1992-10-16 08:03:00,1992-10-21 13:45:00,-1,107.8125,106.93375,1542,860.1249999999966,18.625,True
937982,938800,1992-11-06 13:43:00,1992-11-11 07:21:00,-1,105.875,106.4603125,818,-603.9375000000006,18.625,True
944000,945572,1992-12-01 07:21:00,1992-12-04 13:33:00,-1,105.40625,105.70281250000001,1572,-315.1875000000074,18.625,True
949743,954373,1992-12-21 09:44:00,1993-01-07 13:34:00,1,106.84375,106.64156249999999,4630,-220.81250000000796,18.625,True
956298,963978,1993-01-14 12:19:00,1993-02-10 13:39:00,1,107.71875,109.580625,7680,1843.2499999999977,18.625,True
965600,968400,1993-02-18 07:21:00,1993-03-01 07:21:00,1,110.6875,112.05562499999999,2800,1349.499999999992,18.625,True
969695,970011,1993-03-04 08:56:00,1993-03-05 07:32:00,1,113.1875,112.2721875,316,-933.9374999999989,18.625,True
970410,970725,1993-03-08 07:31:00,1993-03-08 12:46:00,1,113.40625,112.365,315,-1059.875000000005,18.625,True
972021,973180,1993-03-12 07:42:00,1993-03-16 13:41:00,-1,110.75,110.8475,1159,-116.12499999999659,18.625,True
979836,984400,1993-04-08 11:17:00,1993-04-27 07:21:00,1,112.125,112.2721875,4564,128.56250000000114,18.625,True
990529,993201,1993-05-18 09:30:00,1993-05-27 07:22:00,-1,111.8125,112.3309375,2672,-537.0625000000045,18.625,True
994400,997211,1993-06-02 07:21:00,1993-06-11 07:32:00,-1,111.21875,111.73125,2811,-531.1250000000028,18.625,True
1000162,1008255,1993-06-22 10:03:00,1993-07-21 11:36:00,1,112.53125,113.2621875,8093,712.312499999996,18.625,True
1008360,1010413,1993-07-21 13:21:00,1993-07-29 07:34:00,-1,113.0625,113.12,2053,-76.12500000000455,18.625,True
1014410,1019610,1993-08-12 07:31:00,1993-08-31 07:31:00,1,113.65625,114.778125,5200,1103.2500000000027,18.625,True
1021250,1022391,1993-09-07 08:11:00,1993-09-09 13:52:00,1,115.9375,115.21124999999999,1141,-744.8750000000074,18.625,True
1030432,1033239,1993-10-08 07:53:00,1993-10-19 08:00:00,1,116.3125,115.95375,2807,-377.37500000000057,18.625,True
1034896,1039210,1993-10-25 08:57:00,1993-11-09 07:31:00,-1,115.1875,114.0984375,4314,1070.4374999999973,18.625,True
1042610,1044400,1993-11-19 10:51:00,1993-11-29 07:21:00,-1,112.96875,113.8775,1790,-927.3749999999977,18.625,True
1044800,1046790,1993-11-30 07:21:00,1993-12-06 13:51:00,-1,112.75,113.1515625,1990,-420.18749999999716,18.625,True
1054048,1055616,1994-01-03 08:09:00,1994-01-07 07:37:00,-1,112.25,113.056875,1568,-825.5000000000051,18.625,True
1055738,1057659,1994-01-07 09:39:00,1994-01-14 08:20:00,1,113.53125,113.47875,1921,-71.12499999999488,18.625,True
1061640,1062908,1994-01-28 08:01:00,1994-02-02 09:09:00,1,114.625,113.66437499999999,1268,-979.2500000000074,18.625,True
1063783,1067227,1994-02-04 10:24:00,1994-02-17 07:48:00,-1,113.0625,113.056875,3444,-13.000000000005116,18.625,True
1067519,1074902,1994-02-17 12:40:00,1994-03-17 09:03:00,-1,111.9375,109.08,7383,2838.875000000002,18.625,True
1075312,1076399,1994-03-18 09:13:00,1994-03-22 14:00:00,-1,108.0,108.70125,1087,-719.8750000000017,18.625,True
1077018,1079780,1994-03-24 10:59:00,1994-04-05 10:21:00,-1,107.625,104.976875,2762,2629.499999999993,18.625,True
1085584,1086249,1994-04-25 13:45:00,1994-04-28 11:30:00,1,106.375,105.8990625,665,-494.56250000000057,18.625,True
1088429,1089474,1994-05-06 07:50:00,1994-05-10 11:55:00,-1,104.09375,103.588125,1045,486.9999999999949,18.625,True
1102400,1107212,1994-06-27 07:21:00,1994-07-14 07:33:00,-1,103.71875,103.1778125,4812,522.3124999999983,18.625,True
1108512,1109207,1994-07-19 09:13:00,1994-07-21 07:28:00,1,104.625,103.9809375,695,-662.687500000004,18.625,True
1111754,1113611,1994-07-29 09:55:00,1994-08-05 07:32:00,1,105.03125,104.6925,1857,-357.37500000000455,18.625,True
1122125,1124967,1994-09-06 09:26:00,1994-09-15 10:08:00,-1,103.78125,103.1778125,2842,584.8124999999983,18.625,True
1125353,1131515,1994-09-16 09:54:00,1994-10-07 12:36:00,-1,102.15625,101.12625,6162,1011.3750000000011,18.625,True
1132811,1133210,1994-10-13 07:32:00,1994-10-14 07:31:00,1,102.15625,101.2584375,399,-916.4375000000006,18.625,True
1136000,1140810,1994-10-25 07:21:00,1994-11-10 07:31:00,-1,100.125,100.053125,4810,53.250000000005684,18.625,True
1144478,1145600,1994-11-23 08:39:00,1994-11-29 07:21:00,1,100.625,99.9590625,1122,-684.5624999999983,18.625,True
1145715,1146910,1994-11-29 09:16:00,1994-12-02 09:11:00,-1,99.0625,99.61125,1195,-567.3749999999983,18.625,True
1156017,1157217,1995-01-06 07:38:00,1995-01-11 07:38:00,-1,99.34375,100.17937500000001,1200,-854.2500000000074,18.625,True
1158025,1159807,1995-01-13 07:46:00,1995-01-20 10:48:00,1,100.625,100.175625,1782,-468.0000000000034,18.625,True
1161610,1165626,1995-01-27 07:31:00,1995-02-10 07:47:00,1,101.1875,101.7534375,4016,547.312500000004,18.625,True
1166871,1169211,1995-02-15 08:32:00,1995-02-24 07:32:00,1,102.78125,103.33125,2340,531.3749999999972,18.625,True
1170399,1171052,1995-02-28 14:00:00,1995-03-02 11:33:00,1,104.375,103.3621875,653,-1031.4374999999955,18.625,True
1174010,1176004,1995-03-14 07:31:00,1995-03-21 07:25:00,1,104.40625,104.2284375,1994,-196.4375000000017,18.625,True
1181209,1181709,1995-04-07 07:30:00,1995-04-10 09:10:00,1,105.28125,104.38312499999999,500,-916.7500000000074,18.625,True
1183016,1186947,1995-04-13 10:57:00,1995-04-28 09:48:00,1,105.4375,104.9090625,3931,-547.0624999999955,18.625,True
1188144,1190319,1995-05-03 09:45:00,1995-05-10 12:40:00,1,105.96875,108.18843749999999,2175,2201.062499999992,18.625,True
1194025,1196584,1995-05-24 07:46:00,1995-06-02 10:25:00,1,109.28125,111.6225,2559,2322.6250000000023,18.625,True
1205999,1206011,1995-07-06 14:00:00,1995-07-07 07:32:00,1,111.46875,110.8490625,12,-638.3124999999977,18.625,True
1209375,1213291,1995-07-19 10:16:00,1995-08-02 08:52:00,-1,109.4375,109.1115625,3916,307.3124999999949,18.625,True
1214018,1214800,1995-08-04 07:39:00,1995-08-08 07:21:00,-1,108.03125,108.95375,782,-941.1249999999994,18.625,True
1216231,1217574,1995-08-11 11:12:00,1995-08-16 13:35:00,-1,107.875,108.2909375,1343,-434.5624999999983,18.625,True
1220269,1222011,1995-08-25 11:50:00,1995-09-01 07:32:00,1,109.1875,108.8071875,1742,-398.9375000000023,18.625,True
1222126,1227493,1995-09-01 09:27:00,1995-09-21 12:14:00,1,109.90625,109.73531249999999,5367,-189.56250000000796,18.625,True
1228800,1229743,1995-09-27 07:21:00,1995-09-29 09:44:00,-1,109.34375,109.900625,943,-575.5000000000051,18.625,True
1231205,1235603,1995-10-05 07:26:00,1995-10-23 07:24:00,1,110.84375,110.8490625,4398,-13.312499999997726,18.625,True
1237211,1238320,1995-10-27 07:32:00,1995-10-31 12:41:00,-1,110.5,111.5734375,1109,-1092.0624999999973,18.625,True
1238524,1241611,1995-11-01 09:25:00,1995-11-13 07:32:00,1,111.96875,111.4678125,3087,-519.5625000000063,18.625,True
1246061,1249623,1995-11-29 08:22:00,1995-12-12 07:44:00,1,112.53125,113.23125,3562,681.3750000000028,18.625,True
1254400,1256093,1995-12-29 07:21:00,1996-01-05 08:54:00,1,114.375,113.85,1693,-543.6250000000057,18.625,True
1259254,1260400,1996-01-18 08:15:00,1996-01-23 07:21:00,1,115.0,114.159375,1146,-859.2500000000028,18.625,True
1263610,1264016,1996-02-02 07:31:00,1996-02-05 07:37:00,1,115.3125,114.159375,406,-1171.7500000000027,18.625,True
1266459,1267602,1996-02-13 08:20:00,1996-02-16 07:23:00,1,115.3125,114.283125,1143,-1048.0000000000018,18.625,True
1268000,1269200,1996-02-20 07:21:00,1996-02-23 07:21:00,-1,113.21875,113.24625,1200,-46.12500000000341,18.625,True
1269687,1271201,1996-02-26 08:48:00,1996-03-01 07:22:00,-1,112.125,111.3209375,1514,785.4375000000006,18.625,True
1273210,1273344,1996-03-08 07:31:00,1996-03-08 09:45:00,-1,110.21875,109.4271875,134,772.9374999999977,18.625,True
1273600,1273816,1996-03-11 07:21:00,1996-03-11 10:57:00,-1,108.34375,108.95375,216,-628.6249999999994,18.625,True
1281200,1282897,1996-04-08 07:21:00,1996-04-12 08:58:00,-1,108.03125,107.28093750000001,1697,731.6874999999926,18.625,True
1288800,1290822,1996-05-03 07:21:00,1996-05-10 07:43:00,-1,106.21875,106.93375,2022,-733.6250000000034,18.625,True
1294422,1295999,1996-05-23 07:43:00,1996-05-29 14:00:00,1,107.96875,106.92,1577,-1067.3749999999982,18.625,True
1296555,1298036,1996-05-31 09:56:00,1996-06-06 07:57:00,-1,106.0,106.870625,1481,-889.250000000004,18.625,True
1298411,1301188,1996-06-07 07:32:00,1996-06-17 13:49:00,-1,105.8125,105.8921875,2777,-98.31250000000568,18.625,True
1304433,1306010,1996-06-28 07:54:00,1996-07-05 07:31:00,1,107.0625,106.610625,1577,-470.50000000000114,18.625,True
1313701,1317655,1996-08-01 09:02:00,1996-08-15 08:16:00,1,107.65625,108.3740625,3954,699.1874999999937,18.625,True
1320191,1323752,1996-08-23 10:32:00,1996-09-06 09:53:00,-1,107.75,105.67125,3561,2060.1249999999995,18.625,True
1328755,1333407,1996-09-24 13:16:00,1996-10-10 10:48:00,1,107.21875,107.91,4652,672.6249999999966,18.625,True
1338042,1348160,1996-10-29 08:03:00,1996-12-05 10:01:00,1,108.90625,110.6634375,10118,1738.5625000000005,18.625,True
1348272,1348928,1996-12-05 11:53:00,1996-12-09 09:29:00,-1,110.28125,110.595,656,-332.37499999999886,18.625,True
1349843,1352439,1996-12-11 11:24:00,1996-12-20 08:00:00,-1,109.5,109.9321875,2596,-450.8124999999977,18.625,True
1355302,1359209,1997-01-02 09:03:00,1997-01-16 07:30:00,-1,108.84375,108.70125,3907,123.8749999999983,18.625,True
1361947,1363377,1997-01-27 13:08:00,1997-01-31 10:18:00,-1,107.625,108.638125,1430,-1031.7500000000023,18.625,True
1363472,1369265,1997-01-31 11:53:00,1997-02-24 08:26:00,1,108.84375,109.4259375,5793,563.5625000000034,18.625,True
1370104,1373099,1997-02-26 09:05:00,1997-03-07 12:20:00,-1,108.96875,107.69125,2995,1258.8750000000034,18.625,True
1374728,1384213,1997-03-13 12:49:00,1997-04-17 10:54:00,-1,106.625,106.113125,9485,493.2500000000034,18.625,True
1387210,1390000,1997-04-29 07:31:00,1997-05-08 07:21:00,1,106.1875,106.6725,2790,466.37499999999943,18.625,True
1398010,1404571,1997-06-06 07:31:00,1997-06-30 10:12:00,1,107.625,107.6934375,6561,49.812500000001705,18.625,True
1405610,1413816,1997-07-03 07:31:00,1997-08-01 10:57:00,1,108.78125,110.01375,8206,1213.8750000000018,18.625,True
1415600,1417961,1997-08-08 07:21:00,1997-08-15 13:22:00,-1,109.34375,109.4903125,2361,-165.1875000000017,18.625,True
1421724,1423212,1997-08-29 09:25:00,1997-09-05 07:33:00,-1,108.40625,109.4271875,1488,-1039.5625000000023,18.625,True
1424816,1426010,1997-09-11 07:37:00,1997-09-16 07:31:00,-1,108.34375,109.395625,1194,-1070.4999999999955,18.625,True
1426022,1431556,1997-09-16 07:43:00,1997-10-03 13:17:00,1,109.5,110.7871875,5534,1268.5625000000018,18.625,True
1432800,1436963,1997-10-09 07:21:00,1997-10-24 10:04:00,-1,110.0,110.6265625,4163,-645.1875000000057,18.625,True
1437600,1437732,1997-10-28 07:21:00,1997-10-28 09:33:00,1,111.90625,111.1275,132,-797.3750000000023,18.625,True
1444193,1448010,1997-11-20 10:34:00,1997-12-05 07:31:00,1,112.0,111.125,3817,-893.625,18.625,True
1448010,1448208,1997-12-05 07:31:00,1997-12-05 10:49:00,-1,111.125,111.036875,198,69.50000000000512,18.625,True
1449642,1454550,1997-12-11 08:03:00,1997-12-30 09:51:00,1,112.0,111.560625,4908,-457.9999999999983,18.625,True
1455327,1458400,1998-01-02 09:28:00,1998-01-14 07:21:00,1,112.6875,114.0975,3073,1391.3749999999966,18.625,True
1462330,1462636,1998-01-28 12:51:00,1998-01-29 11:17:00,-1,112.5,113.561875,306,-1080.5000000000005,18.625,True
1467200,1469320,1998-02-17 07:21:00,1998-02-24 09:21:00,1,113.78125,112.86,2120,-939.8750000000006,18.625,True
1469322,1473181,1998-02-24 09:23:00,1998-03-09 13:42:00,-1,112.6875,112.425625,3859,243.2500000000034,18.625,True
1479080,1480400,1998-03-30 12:01:00,1998-04-03 07:21:00,-1,111.9375,113.056875,1320,-1138.000000000005,18.625,True
1480408,1481982,1998-04-03 07:29:00,1998-04-08 13:43:00,1,113.375,112.9528125,1574,-440.8125000000068,18.625,True
1486000,1488038,1998-04-24 07:21:00,1998-05-01 07:59:00,-1,112.15625,112.4571875,2038,-319.5625000000034,18.625,True
1493235,1500837,1998-05-20 07:56:00,1998-06-17 07:58:00,1,112.75,113.23125,7602,462.62500000000284,18.625,True
1512797,1514221,1998-07-29 13:58:00,1998-08-04 11:02:00,-1,113.4375,114.03125,1424,-612.375,18.625,True
1514221,1525137,1998-08-04 11:02:00,1998-09-11 12:58:00,1,114.03125,118.738125,10916,4688.249999999996,18.625,True
1527200,1527600,1998-09-21 07:21:00,1998-09-22 07:21:00,1,119.9375,119.41875,400,-537.3749999999972,18.625,True
1528800,1531681,1998-09-25 07:21:00,1998-10-06 08:42:00,1,120.625,122.3578125,2881,1714.1874999999943,18.625,True
1532848,1532862,1998-10-09 08:09:00,1998-10-09 08:23:00,-1,118.90625,118.26468750000001,14,622.937499999992,18.625,True
1539912,1540101,1998-11-04 12:33:00,1998-11-05 09:02:00,-1,118.71875,119.4009375,189,-700.8124999999977,18.625,True
1540290,1541200,1998-11-05 12:11:00,1998-11-10 07:21:00,-1,118.21875,118.359375,910,-159.25,18.625,True
1546400,1548299,1998-12-01 07:21:00,1998-12-07 12:20:00,1,119.5,119.728125,1899,209.50000000000568,18.625,True
1552800,1554393,1998-12-23 07:21:00,1998-12-29 13:54:00,-1,119.09375,118.990625,1593,84.50000000000568,18.625,True
1556850,1558000,1999-01-08 08:11:00,1999-01-13 07:21:00,-1,117.8125,118.29625,1150,-502.37500000000057,18.625,True
1562368,1563241,1999-01-28 13:29:00,1999-02-02 08:02:00,1,119.3125,118.119375,873,-1211.749999999995,18.625,True
1564015,1572020,1999-02-04 07:36:00,1999-03-05 07:41:00,-1,117.40625,114.824375,8005,2563.2499999999964,18.625,True
1579318,1580400,1999-03-31 09:19:00,1999-04-06 07:21:00,-1,114.40625,115.4240625,1082,-1036.437500000005,18.625,True
1581371,1583616,1999-04-08 10:12:00,1999-04-16 07:37:00,1,115.875,115.520625,2245,-373.00000000000455,18.625,True
1587862,1591497,1999-04-30 11:43:00,1999-05-13 12:18:00,-1,114.875,114.1615625,3635,694.8124999999977,18.625,True
1591628,1593900,1999-05-14 07:49:00,1999-05-21 12:21:00,-1,113.03125,113.24625,2272,-233.6250000000034,18.625,True
1595549,1597210,1999-05-27 13:10:00,1999-06-04 07:31:00,-1,112.125,111.2578125,1661,848.5625,18.625,True
1598801,1600960,1999-06-10 07:22:00,1999-06-17 10:01:00,-1,110.15625,110.5634375,2159,-425.81250000000625,18.625,True
1602865,1604756,1999-06-24 08:26:00,1999-06-30 13:17:00,-1,109.46875,110.37406250000001,1891,-923.937500000008,18.625,True
1604799,1610625,1999-06-30 14:00:00,1999-07-22 11:06:00,1,111.21875,111.1275,5826,-109.87500000000227,18.625,True
1612410,1616911,1999-07-29 07:31:00,1999-08-13 09:12:00,-1,110.1875,109.8059375,4501,362.93750000000114,18.625,True
1619905,1621200,1999-08-24 12:26:00,1999-08-30 07:21:00,1,110.71875,110.50874999999999,1295,-228.62500000000796,18.625,True
1628287,1629610,1999-09-23 12:08:00,1999-09-29 07:31:00,1,110.4375,110.0446875,1323,-411.4375000000051,18.625,True
1630502,1634401,1999-10-01 09:03:00,1999-10-18 07:22:00,-1,109.359375,108.85906250000001,3899,481.6874999999926,18.625,True
1636527,1637610,1999-10-25 09:28:00,1999-10-28 07:31:00,-1,107.78125,108.81171875,1083,-1049.0937499999973,18.625,True
1638113,1643204,1999-10-29 09:14:00,1999-11-18 07:25:00,1,109.625,109.6425,5091,-1.1250000000017053,18.625,True
1645600,1648012,1999-11-29 07:21:00,1999-12-07 07:33:00,-1,109.3125,97.9384375,2412,11355.437499999995,18.625,True
1650975,1658811,1999-12-16 10:16:00,2000-01-14 07:32:00,-1,96.96875,95.27140625,7836,1678.7187500000018,18.625,True
1659239,1661201,2000-01-18 08:00:00,2000-01-25 07:22:00,-1,94.328125,94.60859375,1962,-299.09374999999716,18.625,True
1663923,1664282,2000-02-02 12:44:00,2000-02-03 12:03:00,1,95.4375,95.87531249999999,359,419.1874999999926,18.625,True
1675330,1678125,2000-03-15 09:31:00,2000-03-24 09:26:00,1,96.40625,96.958125,2795,533.2499999999955,18.625,True
1680093,1681120,2000-03-31 08:54:00,2000-04-04 12:41:00,1,97.9375,98.938125,1027,981.9999999999994,18.625,True
1686796,1691108,2000-04-25 13:57:00,2000-05-10 12:29:00,-1,97.484375,95.82375,4312,1641.999999999996,18.625,True
1693503,1694096,2000-05-18 12:24:00,2000-05-22 08:57:00,-1,94.875,95.77640625,593,-920.0312499999937,18.625,True
1695569,1697406,2000-05-25 13:30:00,2000-06-02 10:47:00,1,96.1875,97.8553125,1837,1649.1874999999966,18.625,True
1705714,1708994,2000-07-03 09:15:00,2000-07-14 10:35:00,1,98.8125,98.2884375,3280,-542.6874999999994,18.625,True
1714016,1722000,2000-08-02 07:37:00,2000-08-30 07:21:00,1,99.28125,99.4021875,7984,102.31249999999659,18.625,True
1722810,1726800,2000-09-01 07:31:00,2000-09-18 07:21:00,1,100.40625,99.63421875,3990,-790.6562499999977,18.625,True
1733200,1735625,2000-10-11 07:21:00,2000-10-19 07:46:00,1,100.453125,101.0728125,2425,601.0624999999977,18.625,True
1740067,1742404,2000-11-03 08:28:00,2000-11-13 07:25:00,-1,100.578125,100.96843750000001,2337,-408.9375000000074,18.625,True
1744425,1754921,2000-11-20 07:46:00,2000-12-28 09:22:00,1,101.546875,104.49140625,10496,2925.9062499999973,18.625,True
1755720,1756313,2001-01-02 09:21:00,2001-01-03 12:34:00,1,105.546875,105.55875,593,-6.749999999996589,18.625,True
1758992,1759870,2001-01-12 10:33:00,2001-01-17 11:51:00,-1,104.3125,105.1978125,878,-903.9374999999977,18.625,True
1761600,1762400,2001-01-24 07:21:00,2001-01-26 07:21:00,-1,104.15625,104.6296875,800,-492.06250000000284,18.625,True
1770810,1772828,2001-02-27 07:31:00,2001-03-06 07:49:00,1,105.71875,105.2803125,2018,-457.06250000000625,18.625,True
1775215,1778901,2001-03-14 07:36:00,2001-03-27 09:02:00,1,106.34375,106.28578125,3686,-76.59375000000057,18.625,True
1783035,1784983,2001-04-10 11:16:00,2001-04-18 10:24:00,-1,105.46875,104.67703125,1948,773.0937500000011,18.625,True
1788012,1789212,2001-04-30 07:33:00,2001-05-03 07:33:00,-1,103.640625,104.345625,1200,-723.6249999999983,18.625,True
1789612,1791543,2001-05-04 07:33:00,2001-05-10 13:04:00,1,105.4375,104.56875,1931,-887.3750000000057,18.625,True
1791906,1794990,2001-05-11 12:27:00,2001-05-23 10:31:00,-1,103.3125,103.714375,3084,-420.500000000004,18.625,True
1796400,1797200,2001-05-30 07:21:00,2001-06-01 07:21:00,-1,102.6875,102.97265625,800,-303.78125,18.625,True
1798375,1804762,2001-06-05 13:36:00,2001-06-27 13:23:00,1,103.828125,104.12015625,6387,273.40624999999375,18.625,True
1805210,1807702,2001-06-29 07:31:00,2001-07-10 09:03:00,-1,103.171875,103.714375,2492,-561.125000000004,18.625,True
1810105,1814810,2001-07-18 09:06:00,2001-08-03 07:31:00,1,105.0,105.125625,4705,106.99999999999943,18.625,True
1816387,1822847,2001-08-08 13:48:00,2001-08-31 08:08:00,1,106.1875,106.425,6460,218.87499999999716,18.625,True
1823357,1824264,2001-09-04 09:58:00,2001-09-06 11:45:00,-1,105.78125,106.34984375,907,-587.2187500000051,18.625,True
1825245,1826120,2001-09-11 08:06:00,2001-09-18 11:21:00,1,107.5,107.78625,875,267.62499999999545,18.625,True
1828735,1831765,2001-09-27 10:16:00,2001-10-10 07:26:00,1,108.875,108.76078125,3030,-132.84375000000625,18.625,True
1836960,1838573,2001-10-29 07:21:00,2001-11-02 07:34:00,1,109.84375,111.26671875,1613,1404.3437499999955,18.625,True
1842041,1842793,2001-11-15 12:02:00,2001-11-19 11:14:00,-1,108.703125,107.880625,752,803.8750000000051,18.625,True
1843379,1844914,2001-11-21 07:40:00,2001-11-27 13:15:00,-1,106.8125,106.5865625,1535,207.31250000000057,18.625,True
1847163,1847271,2001-12-05 10:44:00,2001-12-05 12:32:00,-1,105.53125,105.9553125,108,-442.6875000000051,18.625,True
1847382,1848627,2001-12-06 07:43:00,2001-12-11 08:28:00,-1,104.90625,104.66125,1245,226.37500000000455,18.625,True
1850160,1850554,2001-12-17 07:21:00,2001-12-17 13:55:00,-1,103.625,103.54078125,394,65.59375000000512,18.625,True
1856625,1858782,2002-01-10 08:26:00,2002-01-17 11:03:00,1,105.546875,106.30125,2157,735.749999999996,18.625,True
1864876,1865770,2002-02-08 12:37:00,2002-02-13 07:31:00,1,107.203125,106.1465625,894,-1075.1874999999982,18.625,True
1866960,1869370,2002-02-19 07:21:00,2002-02-27 07:31:00,1,107.21875,106.59515625,2410,-642.2187499999977,18.625,True
1869862,1874394,2002-02-28 09:03:00,2002-03-15 11:15:00,-1,105.609375,102.75171875,4532,2839.031250000005,18.625,True
1879097,1883762,2002-04-03 09:38:00,2002-04-19 07:23:00,1,103.46875,104.1665625,4665,679.1874999999977,18.625,True
1885313,1889250,2002-04-24 13:14:00,2002-05-08 12:11:00,1,105.21875,105.09468749999999,3937,-142.68750000000796,18.625,True
1890582,1891716,2002-05-14 07:43:00,2002-05-16 13:17:00,-1,104.453125,105.2925,1134,-858.000000000004,18.625,True
1893550,1895360,2002-05-23 10:31:00,2002-05-31 07:21:00,1,106.109375,105.85265625,1810,-275.34375000000455,18.625,True
1899360,1902261,2002-06-14 07:21:00,2002-06-25 09:02:00,1,106.921875,106.84265625,2901,-97.84374999999545,18.625,True
1902560,1902778,2002-06-26 07:21:00,2002-06-26 10:59:00,1,107.921875,107.70890625,218,-231.5937500000017,18.625,True
1906546,1908006,2002-07-10 13:47:00,2002-07-16 11:27:00,1,108.796875,108.3740625,1460,-441.43750000000625,18.625,True
1908983,1910354,2002-07-19 07:44:00,2002-07-24 10:35:00,1,109.46875,110.83359375,1371,1346.2187500000057,18.625,True
1913181,1914031,2002-08-02 11:02:00,2002-08-06 11:52:00,1,111.953125,111.45234375,850,-519.4062500000028,18.625,True
1915360,1916502,2002-08-12 07:21:00,2002-08-14 13:03:00,1,112.578125,113.03015625,1142,433.40625000000455,18.625,True
1924928,1928093,2002-09-13 13:29:00,2002-09-25 12:54:00,1,113.78125,114.778125,3165,978.2500000000028,18.625,True
1929059,1929897,2002-09-30 09:00:00,2002-10-02 09:38:00,1,115.9375,115.025625,838,-930.4999999999949,18.625,True
1931577,1932653,2002-10-08 10:58:00,2002-10-11 08:54:00,1,116.1875,115.14937499999999,1076,-1056.750000000008,18.625,True
1932960,1936170,2002-10-15 07:21:00,2002-10-25 07:31:00,-1,114.109375,112.91484375,3210,1175.9062499999973,18.625,True
1940112,1941588,2002-11-07 13:13:00,2002-11-14 11:09:00,1,114.875,114.3140625,1476,-579.5624999999943,18.625,True
1943370,1946117,2002-11-21 07:31:00,2002-12-02 13:18:00,-1,113.171875,111.17890625,2747,1974.3437500000027,18.625,True
1951228,1954230,2002-12-19 11:49:00,2003-01-02 08:31:00,1,113.53125,114.39140625,3002,841.5312500000028,18.625,True
1956960,1957770,2003-01-13 07:21:00,2003-01-15 07:31:00,-1,112.25,113.3409375,810,-1109.5624999999955,18.625,True
1965760,1966643,2003-02-13 07:21:00,2003-02-18 08:44:00,1,114.96875,114.48421875,883,-503.1562500000034,18.625,True
1967581,1969360,2003-02-20 11:02:00,2003-02-27 07:21:00,1,115.640625,115.2421875,1779,-417.0625,18.625,True
1971770,1973378,2003-03-07 07:31:00,2003-03-13 07:39:00,1,116.40625,115.4278125,1608,-997.0624999999983,18.625,True
1974308,1976478,2003-03-17 09:49:00,2003-03-24 12:39:00,-1,114.5625,113.64078125,2170,903.0937499999966,18.625,True
1985480,1994169,2003-04-25 09:21:00,2003-05-28 07:30:00,1,114.78125,117.9646875,8689,3164.8124999999964,18.625,True
1996582,1997066,2003-06-05 07:43:00,2003-06-06 09:07:00,1,119.15625,118.0884375,484,-1086.4375000000023,18.625,True
1997797,1999772,2003-06-10 07:58:00,2003-06-17 07:33:00,1,119.28125,119.233125,1975,-66.74999999999886,18.625,True
2002560,2003861,2003-06-26 07:21:00,2003-07-01 09:02:00,-1,117.84375,117.9175,1301,-92.37500000000398,18.625,True
2004163,2006937,2003-07-02 07:24:00,2003-07-14 08:58:00,-1,116.75,117.0653125,2774,-333.93750000000455,18.625,True
2007348,2009729,2003-07-15 09:09:00,2003-07-23 08:50:00,-1,115.90625,113.940625,2381,1947.0000000000027,18.625,True
2010880,2011341,2003-07-28 08:01:00,2003-07-29 09:02:00,-1,112.8125,112.88328125,461,-89.40624999999602,18.625,True
2011519,2011830,2003-07-29 12:00:00,2003-07-30 10:31:00,-1,111.765625,112.48875,311,-741.749999999996,18.625,True
2012057,2012544,2003-07-31 07:38:00,2003-08-01 09:05:00,-1,111.375,110.72125,487,635.1250000000023,18.625,True
2020451,2021871,2003-08-29 07:32:00,2003-09-04 11:12:00,-1,109.65625,109.4271875,1420,210.43749999999773,18.625,True
2024128,2026466,2003-09-12 08:49:00,2003-09-22 07:47:00,1,112.34375,111.7771875,2338,-585.1875000000034,18.625,True
2027567,2029729,2003-09-24 12:48:00,2003-10-02 08:50:00,1,112.90625,113.60249999999999,2162,677.624999999992,18.625,True
2032730,2034214,2003-10-15 07:31:00,2003-10-20 12:15:00,-1,111.421875,111.58921875,1484,-185.96875000000057,18.625,True
2036689,2037130,2003-10-28 13:30:00,2003-10-30 07:31:00,1,113.015625,112.179375,441,-854.8750000000068,18.625,True
2041267,2043930,2003-11-14 09:48:00,2003-11-25 07:31:00,1,113.3125,112.9528125,2663,-378.3125000000068,18.625,True
2044880,2046480,2003-12-01 07:21:00,2003-12-05 07:21:00,-1,110.71875,110.89484375,1600,-194.71875000000682,18.625,True
2050827,2051600,2003-12-19 13:08:00,2003-12-23 12:41:00,1,112.9375,112.0865625,773,-869.5625000000006,18.625,True
2055330,2057692,2004-01-09 07:31:00,2004-01-20 08:23:00,1,113.21875,113.8809375,2362,643.5625000000017,18.625,True
2058979,2059143,2004-01-23 09:50:00,2004-01-23 12:34:00,1,115.03125,113.95828125,164,-1091.5937500000011,18.625,True
2064919,2068340,2004-02-13 08:50:00,2004-02-27 07:21:00,1,115.109375,114.22125,3421,-906.7500000000023,18.625,True
2069295,2070350,2004-03-02 09:56:00,2004-03-05 07:31:00,-1,113.578125,114.05109375,1055,-491.5937500000068,18.625,True
2070383,2076550,2004-03-05 08:04:00,2004-03-26 10:51:00,1,115.375,115.38140625,6167,-12.218750000002274,18.625,True
2076760,2078358,2004-03-29 07:41:00,2004-04-02 07:39:00,-1,114.90625,113.29359375,1598,1594.0312500000005,18.625,True
2080740,2081550,2004-04-13 07:21:00,2004-04-15 07:31:00,-1,112.171875,111.6365625,810,516.6875000000034,18.625,True
2083140,2087101,2004-04-21 07:21:00,2004-05-04 13:22:00,-1,110.53125,111.0684375,3961,-555.8125000000017,18.625,True
2087540,2090272,2004-05-06 07:21:00,2004-05-14 12:53:00,-1,109.96875,108.87484375,2732,1075.2812500000034,18.625,True
2094396,2097969,2004-06-01 10:17:00,2004-06-15 09:50:00,-1,107.796875,108.07000000000001,3573,-291.7500000000074,18.625,True
2100620,2101920,2004-06-24 07:21:00,2004-06-29 09:01:00,1,108.796875,108.14203125,1300,-673.4687499999977,18.625,True
2102361,2107771,2004-06-30 09:42:00,2004-07-21 08:02:00,1,109.234375,110.2921875,5410,1039.1874999999973,18.625,True
2109516,2110557,2004-07-27 10:27:00,2004-07-30 07:48:00,-1,110.046875,110.45296875,1041,-424.7187499999966,18.625,True
2112530,2113685,2004-08-06 07:21:00,2004-08-10 13:16:00,1,111.40625,112.19484375,1155,769.968750000004,18.625,True
2120540,2121625,2004-09-03 07:31:00,2004-09-08 13:46:00,-1,111.640625,112.18890625,1085,-566.9062500000023,18.625,True
2123969,2127690,2004-09-16 12:50:00,2004-09-30 08:11:00,1,113.109375,112.65890625,3721,-469.09374999999886,18.625,True
2128148,2130350,2004-10-01 09:09:00,2004-10-12 07:21:00,-1,112.046875,112.7728125,2202,-744.5625000000006,18.625,True
2133150,2135169,2004-10-21 07:21:00,2004-10-28 07:40:00,1,113.75,112.93734375,2019,-831.2812500000034,18.625,True
2137559,2140530,2004-11-05 07:30:00,2004-11-17 10:21:00,-1,112.59375,112.615,2971,-39.874999999994884,18.625,True
2143005,2144580,2004-11-29 07:56:00,2004-12-03 07:31:00,-1,111.5,111.36828125,1575,113.09375000000455,18.625,True
2147770,2148589,2004-12-15 07:21:00,2004-12-17 07:40:00,1,112.671875,111.82359375,819,-866.9062499999994,18.625,True
2150999,2154000,2004-12-28 09:20:00,2005-01-07 07:31:00,-1,111.171875,111.84171875,3001,-688.4687499999983,18.625,True
2160408,2164800,2005-02-01 09:09:00,2005-02-16 09:01:00,1,112.40625,112.25671875,4392,-168.15624999999545,18.625,True
2165559,2176130,2005-02-18 08:20:00,2005-03-31 07:31:00,-1,111.546875,108.90640625,10571,2621.8437499999964,18.625,True
2176530,2176646,2005-04-01 07:31:00,2005-04-01 09:27:00,1,109.8125,108.96187499999999,116,-869.250000000008,18.625,True
2179681,2186714,2005-04-12 13:22:00,2005-05-06 10:35:00,1,110.0625,110.92640625,7033,845.2812499999994,18.625,True
2188623,2194268,2005-05-13 09:04:00,2005-06-03 11:19:00,1,112.046875,113.5096875,5645,1444.1874999999982,18.625,True
2197571,2199241,2005-06-15 13:02:00,2005-06-22 07:32:00,-1,112.1875,113.23046875,1670,-1061.59375,18.625,True
2203929,2213737,2005-07-08 13:50:00,2005-08-12 10:38:00,-1,112.109375,110.910625,9808,1180.125000000004,18.625,True
2216191,2220558,2005-08-22 11:32:00,2005-09-07 12:29:00,1,111.59375,111.49875,4367,-113.62499999999886,18.625,True
2221632,2224650,2005-09-12 10:23:00,2005-09-22 07:21:00,-1,111.140625,111.3525,3018,-230.50000000000625,18.625,True
2225515,2239283,2005-09-26 08:26:00,2005-11-16 07:34:00,-1,110.25,108.55921875,13768,1672.1562500000005,18.625,True
2239964,2243268,2005-11-17 12:15:00,2005-12-01 10:19:00,1,109.140625,108.4359375,3304,-723.3125000000057,18.625,True
2249611,2254056,2005-12-23 09:22:00,2006-01-11 12:07:00,1,109.234375,109.0546875,4445,-198.3125,18.625,True
2255380,2257491,2006-01-18 07:31:00,2006-01-25 09:22:00,1,110.15625,109.10109375,2111,-1073.781249999996,18.625,True
2257741,2271447,2006-01-25 13:32:00,2006-03-16 09:38:00,-1,108.953125,107.565,13706,1369.5000000000023,18.625,True
2275211,2289346,2006-03-29 12:22:00,2006-05-19 08:57:00,-1,106.515625,105.640625,14135,856.375,18.625,True
2289346,2292290,2006-05-19 08:57:00,2006-05-31 12:21:00,1,105.640625,105.04828125,2944,-610.9687499999977,18.625,True
2294603,2296400,2006-06-08 10:54:00,2006-06-15 07:31:00,1,106.109375,105.04828125,1797,-1079.7187499999977,18.625,True
2297256,2303261,2006-06-19 08:27:00,2006-07-11 09:32:00,-1,104.71875,105.08734375,6005,-387.2187500000023,18.625,True
2303276,2328017,2006-07-11 09:47:00,2006-10-06 09:48:00,1,105.140625,107.6625,24741,2503.2499999999945,18.625,True
2329431,2333420,2006-10-13 07:42:00,2006-10-27 07:31:00,-1,106.90625,107.6596875,3989,-772.062500000004,18.625,True
2334325,2335589,2006-10-31 09:16:00,2006-11-03 10:20:00,1,108.046875,107.52328125,1264,-542.2187500000034,18.625,True
2340897,2346212,2006-11-24 07:28:00,2006-12-13 10:23:00,1,108.609375,108.5596875,5315,-68.31250000000455,18.625,True
2347640,2360621,2006-12-19 07:31:00,2007-02-07 08:37:00,-1,108.15625,107.26515625,12981,872.468749999996,18.625,True
2360754,2374495,2007-02-07 10:50:00,2007-03-29 07:31:00,1,107.34375,108.21875,13741,856.375,18.625,True
2374495,2381560,2007-03-29 07:31:00,2007-04-24 09:01:00,-1,108.21875,108.296875,7065,-96.75,18.625,True
2381560,2388270,2007-04-24 09:01:00,2007-05-17 07:31:00,1,108.296875,107.5625,6710,-753.0,18.625,True
2388270,2396557,2007-05-17 07:31:00,2007-06-15 13:18:00,-1,107.5625,104.67703125,8287,2866.843750000001,18.625,True
2400690,2401700,2007-07-02 08:51:00,2007-07-05 13:21:00,1,105.796875,104.9709375,1010,-844.5624999999949,18.625,True
2405743,2411035,2007-07-20 07:24:00,2007-08-08 08:56:00,1,106.03125,106.9509375,5292,901.0624999999949,18.625,True
2412967,2413791,2007-08-15 07:48:00,2007-08-17 08:12:00,1,108.03125,108.17296875,824,123.09374999999545,18.625,True
2416649,2420947,2007-08-28 09:10:00,2007-09-13 08:28:00,1,109.265625,109.8590625,4298,574.8124999999932,18.625,True
2423205,2425280,2007-09-20 12:46:00,2007-09-28 07:21:00,-1,108.765625,109.4903125,2075,-743.3125000000017,18.625,True
2428430,2430164,2007-10-11 07:31:00,2007-10-17 09:45:00,-1,108.40625,109.28515625,1734,-897.53125,18.625,True
2430420,2434392,2007-10-18 07:21:00,2007-10-31 13:33:00,1,109.84375,110.09109375,3972,228.71874999999886,18.625,True
2434915,2441280,2007-11-02 08:56:00,2007-11-28 11:21:00,1,111.203125,113.4478125,6365,2226.0624999999977,18.625,True
2445103,2446793,2007-12-12 08:24:00,2007-12-18 09:54:00,-1,112.15625,112.85171875,1690,-714.0937500000034,18.625,True
2448910,2449415,2007-12-26 12:51:00,2007-12-28 07:56:00,-1,111.734375,112.678125,505,-962.3749999999943,18.625,True
2450162,2456000,2008-01-02 09:03:00,2008-01-24 07:21:00,1,113.828125,117.94921875,5838,4102.46875,18.625,True
2463080,2464015,2008-02-19 07:21:00,2008-02-21 09:36:00,-1,115.78125,116.26046875,935,-497.84375000000114,18.625,True
2467365,2467595,2008-03-04 12:06:00,2008-03-05 09:16:00,1,117.5,116.386875,230,-1131.7499999999966,18.625,True
2468290,2469094,2008-03-07 07:31:00,2008-03-11 07:35:00,1,117.5625,117.20671875,804,-374.4062500000068,18.625,True
2469880,2471529,2008-03-13 07:21:00,2008-03-19 08:10:00,1,118.390625,118.7690625,1649,359.812500000004,18.625,True
2471978,2472312,2008-03-20 08:59:00,2008-03-24 07:53:00,1,119.96875,118.7690625,334,-1218.312499999996,18.625,True
2476537,2477295,2008-04-07 11:38:00,2008-04-09 10:56:00,-1,117.125,118.18578125,758,-1079.406250000005,18.625,True
2479244,2480407,2008-04-16 10:05:00,2008-04-21 09:28:00,-1,117.015625,116.4025,1163,594.4999999999966,18.625,True
2481705,2483503,2008-04-24 11:06:00,2008-05-01 07:44:00,-1,115.25,116.086875,1798,-855.5000000000063,18.625,True
2483895,2485591,2008-05-02 07:36:00,2008-05-08 09:12:00,-1,114.9375,115.59765625,1696,-678.78125,18.625,True
2487080,2487990,2008-05-14 07:21:00,2008-05-16 09:11:00,-1,114.453125,115.455625,910,-1021.1249999999977,18.625,True
2490971,2492417,2008-05-28 07:32:00,2008-06-02 11:38:00,-1,114.3125,113.38828125,1446,905.5937499999943,18.625,True
2494859,2497056,2008-06-10 12:20:00,2008-06-18 08:57:00,-1,112.265625,112.1415625,2197,105.43749999999375,18.625,True
2500560,2503927,2008-07-01 07:21:00,2008-07-11 12:08:00,1,114.203125,114.71625,3367,494.5000000000023,18.625,True
2504542,2504979,2008-07-15 09:03:00,2008-07-16 09:40:00,1,115.875,114.901875,437,-991.749999999996,18.625,True
2506043,2507550,2008-07-21 07:24:00,2008-07-24 12:31:00,-1,113.484375,113.9721875,1507,-506.437500000004,18.625,True
2511419,2512344,2008-08-07 10:20:00,2008-08-11 12:25:00,1,115.3125,114.6234375,925,-707.6875000000057,18.625,True
2512840,2517640,2008-08-13 07:21:00,2008-08-29 07:21:00,1,115.78125,115.891875,4800,91.99999999999886,18.625,True
2519427,2519920,2008-09-04 12:28:00,2008-09-08 07:21:00,1,117.0625,116.5725,493,-508.6249999999949,18.625,True
2521920,2522540,2008-09-15 07:21:00,2008-09-16 11:01:00,1,117.75,118.16578125,620,397.1562499999949,18.625,True
2523920,2525921,2008-09-22 07:21:00,2008-09-29 07:22:00,-1,115.015625,115.15578125,2001,-158.78125000000398,18.625,True
2529165,2529835,2008-10-09 08:06:00,2008-10-10 12:36:00,-1,114.015625,113.76703125,670,229.96874999999773,18.625,True
2530038,2531383,2008-10-13 09:19:00,2008-10-16 11:44:00,-1,112.640625,112.50453125,1345,117.46875000000057,18.625,True
2538769,2542048,2008-11-12 08:10:00,2008-11-24 09:29:00,1,116.4375,119.65078125,3279,3194.6562499999945,18.625,True
2542366,2543120,2008-11-25 08:07:00,2008-11-27 07:21:00,1,120.859375,121.38328125,754,505.281249999996,18.625,True
2544030,2544116,2008-12-01 12:56:00,2008-12-02 07:42:00,1,122.609375,122.06390625,86,-564.0937499999977,18.625,True
2544797,2545357,2008-12-03 12:23:00,2008-12-05 08:23:00,1,123.296875,123.39421875,560,78.71874999999318,18.625,True
2547699,2549333,2008-12-15 07:25:00,2008-12-19 07:59:00,1,124.640625,127.41609375,1634,2756.843750000002,18.625,True
2558828,2559357,2009-01-26 09:59:00,2009-01-27 12:08:00,-1,123.28125,124.40359375,529,-1140.9687499999989,18.625,True
2560187,2561024,2009-01-29 12:38:00,2009-02-02 13:15:00,-1,123.171875,123.8196875,837,-666.4375000000006,18.625,True
2561250,2561979,2009-02-03 10:21:00,2009-02-05 09:10:00,-1,122.59375,122.7465625,729,-171.43749999999602,18.625,True
2562683,2563148,2009-02-09 07:34:00,2009-02-10 08:39:00,-1,121.53125,122.50984375,465,-997.2187500000017,18.625,True
2567751,2568550,2009-02-26 07:22:00,2009-03-02 07:21:00,-1,121.296875,120.9159375,799,362.3125000000017,18.625,True
2573707,2573708,2009-03-18 13:18:00,2009-03-18 13:19:00,1,123.0625,124.86375,1,1782.624999999996,18.625,True
2583353,2588150,2009-04-23 07:24:00,2009-05-11 07:21:00,-1,121.828125,120.9159375,4797,893.5625000000017,18.625,True
2591694,2595120,2009-05-21 13:05:00,2009-06-03 12:11:00,-1,119.71875,116.35515625000001,3426,3344.9687499999927,18.625,True
2595586,2597512,2009-06-04 13:17:00,2009-06-11 12:03:00,-1,115.203125,113.92484375000001,1926,1259.656249999992,18.625,True
2601567,2606317,2009-06-25 12:58:00,2009-07-14 07:28:00,1,116.25,117.81,4750,1541.3750000000023,18.625,True
2609503,2611524,2009-07-23 13:54:00,2009-07-31 07:35:00,-1,116.046875,116.63921875,2021,-610.9687499999977,18.625,True
2612712,2614349,2009-08-05 07:23:00,2009-08-11 08:00:00,-1,115.484375,115.8028125,1637,-337.0625000000017,18.625,True
2615604,2617657,2009-08-14 08:55:00,2009-08-21 09:48:00,1,117.40625,117.26859375,2053,-156.28125000000625,18.625,True
2622590,2623271,2009-09-09 07:21:00,2009-09-10 12:02:00,-1,116.765625,117.728125,681,-981.1250000000057,18.625,True
2623544,2624190,2009-09-11 09:55:00,2009-09-15 07:21:00,1,118.3125,117.33046875,646,-1000.6562500000057,18.625,True
2628687,2631427,2009-09-30 08:58:00,2009-10-09 07:58:00,1,118.515625,118.7071875,2740,172.9375000000034,18.625,True
2635390,2636602,2009-10-23 07:21:00,2009-10-28 07:33:00,-1,117.671875,118.04375,1212,-390.50000000000284,18.625,True
2640210,2645565,2009-11-10 07:41:00,2009-11-30 07:21:00,1,118.84375,120.0375,5355,1175.1249999999943,18.625,True
2647175,2647965,2009-12-04 07:31:00,2009-12-08 07:21:00,-1,118.25,118.738125,790,-506.7499999999966,18.625,True
2649259,2655152,2009-12-11 08:55:00,2010-01-05 08:53:00,-1,117.5625,116.03953125,5893,1504.343750000004,18.625,True
2658149,2665750,2010-01-14 12:10:00,2010-02-11 07:31:00,1,116.9375,117.76359375,7601,807.4687499999983,18.625,True
2667785,2669107,2010-02-18 10:06:00,2010-02-23 12:08:00,-1,117.34375,118.05953125,1322,-734.4062500000063,18.625,True
2672148,2675205,2010-03-05 09:29:00,2010-03-16 13:46:00,-1,116.890625,117.42828125,3057,-556.2812499999977,18.625,True
2677501,2681377,2010-03-24 12:02:00,2010-04-07 13:43:00,-1,116.265625,115.97640625,3876,270.5937500000034,18.625,True
2683795,2689795,2010-04-16 07:21:00,2010-05-07 07:21:00,1,116.6875,119.83640625,6000,3130.281249999996,18.625,True
2693475,2694999,2010-05-20 08:41:00,2010-05-26 07:25:00,1,121.046875,120.9346875,1524,-130.81250000000455,18.625,True
2702949,2708400,2010-06-23 08:35:00,2010-07-13 08:06:00,1,121.15625,121.8009375,5451,626.0625000000034,18.625,True
2709651,2712370,2010-07-16 08:57:00,2010-07-27 07:36:00,1,123.03125,122.31140625,2719,-738.4687499999955,18.625,True
2713555,2721681,2010-07-30 07:21:00,2010-08-27 09:27:00,1,123.546875,125.60625,8126,2040.7500000000027,18.625,True
2723563,2726375,2010-09-03 07:29:00,2010-09-14 09:41:00,-1,124.390625,124.3878125,2812,-15.812499999995453,18.625,True
2728804,2735472,2010-09-22 10:10:00,2010-10-15 07:58:00,1,125.796875,126.3796875,6668,564.1875000000028,18.625,True
2738235,2739835,2010-10-26 07:21:00,2010-11-01 07:21:00,-1,126.0625,126.37625,1600,-332.37499999999886,18.625,True
2741035,2742545,2010-11-04 07:21:00,2010-11-09 12:31:00,1,127.25,126.75093749999999,1510,-517.687500000008,18.625,True
2743835,2746235,2010-11-15 07:21:00,2010-11-23 07:21:00,-1,125.125,125.28734375,2400,-180.96875000000512,18.625,True
2748410,2749222,2010-12-01 07:21:00,2010-12-03 07:33:00,-1,124.046875,123.283125,812,745.1250000000017,18.625,True
2750182,2753210,2010-12-07 10:13:00,2010-12-17 07:21:00,-1,122.0625,119.7165625,3028,2327.312500000005,18.625,True
2758950,2761515,2011-01-07 11:26:00,2011-01-18 09:31:00,1,120.8125,120.26953125,2565,-561.59375,18.625,True
2766185,2770216,2011-02-03 07:21:00,2011-02-17 07:52:00,-1,119.6875,119.06953125,4031,599.3437500000028,18.625,True
2774245,2775082,2011-03-03 10:21:00,2011-03-07 10:58:00,-1,117.921875,118.738125,837,-834.8749999999966,18.625,True
2776996,2778192,2011-03-14 09:32:00,2011-03-17 09:28:00,1,120.328125,120.60984375,1196,263.093749999996,18.625,True
2782465,2785402,2011-04-01 07:21:00,2011-04-12 09:38:00,-1,118.671875,119.10109375,2937,-447.843750000004,18.625,True
2786637,2798465,2011-04-15 10:13:00,2011-05-30 07:21:00,1,119.828125,122.74453125,11828,2897.7812499999945,18.625,True
2801568,2802774,2011-06-09 07:44:00,2011-06-14 07:50:00,1,123.984375,122.77546875,1206,-1227.5312499999982,18.625,True
2803545,2807012,2011-06-16 07:21:00,2011-06-28 11:48:00,1,124.015625,123.73453125,3467,-299.7187499999966,18.625,True
2807655,2809025,2011-06-30 09:11:00,2011-07-06 07:21:00,-1,122.453125,122.92015625,1370,-485.6562500000051,18.625,True
2812225,2813703,2011-07-18 07:21:00,2011-07-21 11:59:00,1,124.984375,123.88921875,1478,-1113.7812500000023,18.625,True
2815836,2818159,2011-07-29 07:32:00,2011-08-05 12:55:00,1,125.140625,126.76640625,2323,1607.1562500000027,18.625,True
2818319,2819706,2011-08-08 08:55:00,2011-08-11 12:02:00,1,128.046875,129.21046875,1387,1144.9687499999898,18.625,True
2821425,2822284,2011-08-18 07:21:00,2011-08-22 08:20:00,1,130.515625,130.32421875,859,-210.03125,18.625,True
2825528,2825835,2011-09-01 09:04:00,2011-09-02 07:31:00,-1,128.96875,129.86390625,307,-913.7812500000136,18.625,True
2831305,2832147,2011-09-22 07:21:00,2011-09-26 08:03:00,1,131.03125,130.54078125,842,-509.0937499999909,18.625,True
2835715,2837464,2011-10-07 07:31:00,2011-10-13 10:00:00,-1,129.0625,128.79078125,1749,253.0937499999909,18.625,True
2841589,2842105,2011-10-27 12:05:00,2011-10-31 07:21:00,-1,127.515625,128.459375,516,-962.3749999999943,18.625,True
2842505,2845985,2011-11-01 07:21:00,2011-11-11 12:01:00,1,129.234375,129.69,3480,436.9999999999977,18.625,True
2849197,2849880,2011-11-23 12:13:00,2011-11-28 07:21:00,1,131.0,129.92203125,683,-1096.5937499999966,18.625,True
2850680,2853002,2011-11-30 07:21:00,2011-12-07 12:43:00,-1,129.6875,129.91125,2322,-242.37499999999545,18.625,True
2855689,2857580,2011-12-16 10:50:00,2011-12-23 09:01:00,1,131.234375,130.10765625,1891,-1145.343750000009,18.625,True
2862699,2864600,2012-01-13 07:40:00,2012-01-20 08:01:00,1,131.3125,130.41703125,1901,-914.093749999992,18.625,True
2864960,2866019,2012-01-23 07:21:00,2012-01-25 11:40:00,-1,130.09375,131.110625,1059,-1035.4999999999989,18.625,True
2866913,2869659,2012-01-27 13:14:00,2012-02-07 12:20:00,1,131.734375,130.989375,2746,-763.6250000000045,18.625,True
2872966,2874891,2012-02-20 07:27:00,2012-02-27 08:12:00,-1,130.5625,131.67875,1925,-1134.875000000008,18.625,True
2875269,2876040,2012-02-28 07:50:00,2012-03-01 07:21:00,1,131.8125,130.57171875,771,-1259.4062499999977,18.625,True
2876060,2882464,2012-03-01 07:41:00,2012-03-23 07:45:00,-1,130.375,128.9959375,6404,1360.4375000000034,18.625,True
2886043,2903380,2012-04-05 07:24:00,2012-06-06 08:46:00,1,130.0625,133.60359375,17337,3522.4687499999873,18.625,True
2905295,2910603,2012-06-13 07:21:00,2012-07-02 09:09:00,-1,133.125,134.046875,5308,-940.5,18.625,True
2910603,2918292,2012-07-02 09:09:00,2012-07-27 12:38:00,1,134.046875,133.90625,7689,-159.25,18.625,True
2918292,2925590,2012-07-27 12:38:00,2012-08-23 07:36:00,-1,133.90625,133.509375,7298,378.2499999999943,18.625,True
2927594,2929457,2012-08-30 07:40:00,2012-09-06 07:23:00,1,134.09375,132.92296875,1863,-1189.4062500000045,18.625,True
2931421,2934368,2012-09-12 13:27:00,2012-09-24 09:14:00,-1,132.28125,133.0359375,2947,-773.3124999999886,18.625,True
2935384,2941055,2012-09-26 12:50:00,2012-10-17 07:21:00,1,133.546875,132.734375,5671,-831.125,18.625,True
2941055,2945434,2012-10-17 07:21:00,2012-10-31 13:40:00,-1,132.734375,133.004375,4379,-288.62500000001023,18.625,True
2947055,2954031,2012-11-07 07:21:00,2012-12-03 07:22:00,1,133.234375,133.3125,6976,59.5,18.625,True
2954031,2968205,2012-12-03 07:22:00,2013-01-24 07:21:00,-1,133.3125,132.49937500000001,14174,794.4999999999852,18.625,True
2969016,2976186,2013-01-28 07:32:00,2013-02-21 09:02:00,-1,131.1875,131.921875,7170,-753.0,18.625,True
2976186,2978102,2013-02-21 09:02:00,2013-02-28 07:38:00,1,131.921875,131.65453125,1916,-285.9687500000091,18.625,True
2980096,2982885,2013-03-07 07:32:00,2013-03-18 07:21:00,-1,131.015625,131.3,2789,-303.00000000001137,18.625,True
2985685,2996617,2013-03-27 07:21:00,2013-05-06 09:33:00,1,131.75,132.765625,10932,997.0,18.625,True
2996617,3005806,2013-05-06 09:33:00,2013-06-06 11:22:00,-1,132.765625,130.05328125,9189,2693.7187500000023,18.625,True
3006426,3007965,2013-06-10 08:22:00,2013-06-14 07:21:00,-1,128.765625,129.5325,1539,-785.4999999999989,18.625,True
3009529,3010765,2013-06-19 13:25:00,2013-06-25 07:21:00,-1,128.25,126.313125,1236,1918.2500000000005,18.625,True
3013855,3015445,2013-07-05 07:31:00,2013-07-11 07:21:00,-1,125.0625,125.808125,1590,-764.250000000004,18.625,True
3017059,3021045,2013-07-17 07:35:00,2013-07-31 07:21:00,1,126.828125,126.03937499999999,3986,-807.3750000000074,18.625,True
3021845,3022182,2013-08-02 07:21:00,2013-08-02 12:58:00,-1,125.359375,126.5025,337,-1161.7499999999977,18.625,True
3025455,3028645,2013-08-15 07:31:00,2013-08-27 07:21:00,-1,125.25,125.3346875,3190,-103.31250000000114,18.625,True
3029944,3031735,2013-08-30 09:00:00,2013-09-06 07:31:00,-1,124.09375,123.51984375,1791,555.2812499999932,18.625,True
3036534,3043015,2013-09-24 07:30:00,2013-10-16 08:51:00,1,125.71875,125.640625,6481,-96.75,18.625,True
3043015,3043456,2013-10-16 08:51:00,2013-10-17 09:32:00,-1,125.640625,126.77078125,441,-1148.7812499999989,18.625,True
3043476,3047934,2013-10-17 09:52:00,2013-11-01 10:50:00,1,126.859375,126.781875,4458,-96.12500000000057,18.625,True
3049735,3052226,2013-11-08 07:31:00,2013-11-18 09:02:00,-1,126.390625,127.02328125,2491,-651.2812499999966,18.625,True
3055325,3066605,2013-11-28 07:21:00,2014-01-10 07:31:00,-1,125.765625,123.99328125,11280,1753.7187500000045,18.625,True
3070312,3075838,2014-01-23 11:18:00,2014-02-12 10:04:00,1,124.640625,125.20406249999999,5526,544.812499999992,18.625,True
3080355,3084211,2014-02-28 07:21:00,2014-03-13 11:37:00,-1,125.09375,124.56140625,3856,513.7187499999955,18.625,True
3085956,3090838,2014-03-20 07:22:00,2014-04-07 08:44:00,-1,123.328125,123.93015625,4882,-620.656249999996,18.625,True
3091955,3094210,2014-04-10 07:21:00,2014-04-17 11:36:00,1,124.421875,123.688125,2255,-752.3750000000006,18.625,True
3099334,3105835,2014-05-07 10:20:00,2014-05-30 07:21:00,1,124.90625,125.49796875,6501,573.0937499999983,18.625,True
3106708,3113050,2014-06-03 08:34:00,2014-06-25 07:36:00,-1,124.671875,124.96875,6342,-315.5,18.625,True
3113050,3115445,2014-06-25 07:36:00,2014-07-03 07:31:00,1,124.96875,123.828125,2395,-1159.25,18.625,True
3115445,3117315,2014-07-03 07:31:00,2014-07-10 07:21:00,-1,123.828125,125.28125,1870,-1471.75,18.625,True
3117315,3123325,2014-07-10 07:21:00,2014-07-31 07:31:00,1,125.28125,124.421875,6010,-878.0,18.625,True
3123325,3124191,2014-07-31 07:31:00,2014-08-04 08:37:00,-1,124.421875,125.47671875,866,-1073.4687500000034,18.625,True
3124250,3129846,2014-08-04 09:36:00,2014-08-22 09:32:00,1,125.546875,125.7609375,5596,195.43749999999716,18.625,True
3132395,3139595,2014-09-02 07:21:00,2014-09-26 07:21:00,-1,125.609375,124.798125,7200,792.6250000000011,18.625,True
3140795,3144884,2014-10-01 07:21:00,2014-10-15 08:50:00,1,124.875,129.2259375,4089,4332.312499999986,18.625,True
3150095,3156476,2014-11-03 09:01:00,2014-11-25 08:42:00,-1,126.1875,126.890625,6381,-721.75,18.625,True
3156476,3158655,2014-11-25 08:42:00,2014-12-03 08:46:00,1,126.890625,126.20953125,2179,-699.7187500000023,18.625,True
3159380,3160910,2014-12-05 07:31:00,2014-12-10 13:01:00,-1,126.140625,126.99171875,1530,-869.718750000004,18.625,True
3161521,3162970,2014-12-12 09:52:00,2014-12-18 07:21:00,1,127.484375,126.67359375,1449,-829.4062500000051,18.625,True
3164611,3166554,2014-12-24 08:02:00,2015-01-02 08:50:00,-1,125.734375,126.9128125,1943,-1197.0625000000011,18.625,True
3167265,3171751,2015-01-06 07:21:00,2015-01-21 10:47:00,1,127.953125,129.628125,4486,1656.3750000000114,18.625,True
3174401,3175545,2015-01-30 08:17:00,2015-02-04 07:21:00,1,130.9375,129.7828125,1144,-1173.3124999999943,18.625,True
3176503,3181259,2015-02-06 09:59:00,2015-02-24 11:15:00,-1,128.734375,128.41203125,4756,303.7187499999875,18.625,True
3183022,3185825,2015-03-02 13:58:00,2015-03-12 07:21:00,-1,127.140625,127.18109375,2803,-59.093750000002274,18.625,True
3188392,3193885,2015-03-20 10:08:00,2015-04-09 12:06:00,1,128.703125,128.82375,5493,101.99999999998977,18.625,True
3199200,3202070,2015-04-29 07:21:00,2015-05-08 08:31:00,-1,128.671875,128.19109375,2870,462.1562500000068,18.625,True
3202784,3204100,2015-05-11 13:45:00,2015-05-15 09:01:00,-1,126.921875,127.74921875,1316,-845.9687499999972,18.625,True
3208713,3212293,2015-06-02 07:54:00,2015-06-15 07:34:00,-1,126.484375,125.745,3580,720.7499999999955,18.625,True
3218171,3219760,2015-07-06 07:32:00,2015-07-10 07:21:00,1,126.640625,126.286875,1589,-372.3750000000051,18.625,True
3225772,3227060,2015-07-31 07:33:00,2015-08-05 09:01:00,1,127.28125,126.64265625,1288,-657.2187499999983,18.625,True
3228753,3231007,2015-08-11 10:34:00,2015-08-19 08:08:00,1,127.921875,127.13765624999999,2254,-802.843750000008,18.625,True
3231491,3232607,2015-08-20 09:32:00,2015-08-25 08:08:00,1,128.421875,128.59171875,1116,151.2187500000125,18.625,True
3236858,3239640,2015-09-09 07:39:00,2015-09-18 07:21:00,-1,127.015625,127.78078125,2782,-783.781250000004,18.625,True
3240729,3244505,2015-09-22 12:10:00,2015-10-06 08:26:00,1,128.125,128.71546874999999,3776,571.8437499999852,18.625,True
3251188,3258440,2015-10-28 13:09:00,2015-11-24 07:21:00,-1,128.171875,126.96015625,7252,1193.0937500000027,18.625,True
3261092,3262234,2015-12-03 08:38:00,2015-12-08 07:40:00,-1,126.015625,126.5340625,1142,-537.0625000000045,18.625,True
3263747,3264256,2015-12-11 12:53:00,2015-12-15 08:02:00,1,127.1875,125.93109375,509,-1275.0312499999977,18.625,True
3270423,3280518,2016-01-07 12:34:00,2016-02-12 09:29:00,1,127.046875,131.40703125,10095,4341.531249999989,18.625,True
3285180,3289870,2016-03-01 09:11:00,2016-03-17 07:21:00,-1,130.1875,129.32734375,4690,841.5312499999886,18.625,True
3292910,3299417,2016-03-29 11:21:00,2016-04-20 13:08:00,1,129.703125,129.98390625,6507,262.15624999998977,18.625,True
3299470,3302728,2016-04-21 07:21:00,2016-05-03 08:19:00,-1,129.703125,130.353125,3258,-668.6250000000057,18.625,True
3303861,3307174,2016-05-05 13:52:00,2016-05-18 09:05:00,1,130.765625,129.89109375,3313,-893.1562499999898,18.625,True
3310270,3311760,2016-05-30 07:21:00,2016-06-03 07:31:00,-1,129.34375,130.46359375,1490,-1138.4687500000011,18.625,True
3312037,3316258,2016-06-03 12:08:00,2016-06-20 09:09:00,1,130.984375,131.37609375,4221,373.09374999999545,18.625,True
3317750,3322474,2016-06-24 07:21:00,2016-07-12 08:05:00,1,132.703125,132.78375,4724,61.999999999997726,18.625,True
3325241,3327799,2016-07-21 07:32:00,2016-07-29 10:10:00,-1,131.78125,132.92546875,2558,-1162.8437499999932,18.625,True
3329338,3335731,2016-08-04 09:09:00,2016-08-26 09:02:00,1,133.0625,131.796875,6393,-1284.25,18.625,True
3335731,3343910,2016-08-26 09:02:00,2016-09-26 07:21:00,-1,131.796875,131.110625,8179,667.6250000000011,18.625,True
3344310,3346810,2016-09-27 07:21:00,2016-10-05 09:01:00,1,131.5625,130.35515625,2500,-1225.9687500000068,18.625,True
3347166,3364624,2016-10-06 08:17:00,2016-12-07 09:40:00,-1,130.0625,124.8296875,17458,5214.1874999999945,18.625,True
3366837,3370485,2016-12-14 13:13:00,2016-12-29 07:21:00,-1,123.59375,123.77234375,3648,-197.21875000000455,18.625,True
3372105,3375977,2017-01-05 07:41:00,2017-01-19 07:33:00,1,124.421875,124.1521875,3872,-288.3125000000034,18.625,True
3377847,3380415,2017-01-25 12:03:00,2017-02-03 08:11:00,-1,123.828125,124.798125,2568,-988.6249999999989,18.625,True
3381636,3383265,2017-02-08 08:32:00,2017-02-14 09:01:00,1,125.375,124.306875,1629,-1086.749999999995,18.625,True
3386429,3387445,2017-02-24 10:25:00,2017-03-01 07:21:00,1,125.5625,124.3996875,1016,-1181.4375000000011,18.625,True
3387446,3392845,2017-03-01 07:22:00,2017-03-20 10:41:00,-1,123.765625,123.9459375,5399,-198.93749999999943,18.625,True
3394645,3403062,2017-03-27 07:21:00,2017-04-26 07:38:00,1,124.71875,125.25046875,8417,513.093749999996,18.625,True
3405470,3409045,2017-05-04 07:46:00,2017-05-17 07:21:00,-1,125.09375,125.828125,3575,-753.0,18.625,True
3409045,3420831,2017-05-17 07:21:00,2017-06-27 12:27:00,1,125.828125,126.15625,11786,309.5,18.625,True
3420831,3426430,2017-06-27 12:27:00,2017-07-18 07:46:00,-1,126.15625,126.04484375,5599,92.7812500000017,18.625,True
3427449,3442784,2017-07-20 11:25:00,2017-09-13 09:00:00,1,126.265625,126.546875,15335,262.625,18.625,True
3442784,3458511,2017-09-13 09:00:00,2017-11-07 11:07:00,-1,126.546875,125.42937500000001,15727,1098.8749999999927,18.625,True
3464460,3496013,2017-11-29 07:21:00,2018-03-22 10:34:00,-1,124.53125,120.71875,31553,3793.875,18.625,True
3496013,3502220,2018-03-22 10:34:00,2018-04-16 07:21:00,1,120.71875,120.34375,6207,-393.625,18.625,True
3502220,3513504,2018-04-16 07:21:00,2018-05-24 08:45:00,-1,120.34375,119.621875,11284,703.2499999999972,18.625,True
3514220,3515500,2018-05-28 07:21:00,2018-05-31 10:41:00,1,119.984375,120.08390625,1280,80.9062499999983,18.625,True
3522188,3529191,2018-06-25 08:49:00,2018-07-19 07:32:00,1,120.0625,119.953125,7003,-128.0,18.625,True
3529191,3535759,2018-07-19 07:32:00,2018-08-10 10:20:00,-1,119.953125,120.26890625,6568,-334.40625000000057,18.625,True
3535918,3542362,2018-08-10 12:59:00,2018-09-04 09:03:00,1,120.328125,119.96875,6444,-378.0,18.625,True
3542362,3557460,2018-09-04 09:03:00,2018-10-26 07:21:00,-1,119.96875,118.6875,15098,1262.625,18.625,True
3557460,3560523,2018-10-26 07:21:00,2018-11-06 11:44:00,1,118.6875,117.995625,3063,-710.499999999996,18.625,True
3561287,3562979,2018-11-08 11:08:00,2018-11-14 12:40:00,-1,117.796875,118.91171875,1692,-1133.4687500000057,18.625,True
3563676,3576730,2018-11-16 10:57:00,2019-01-08 07:21:00,1,119.1875,121.94015625,13054,2734.031250000001,18.625,True
3583433,3591788,2019-01-31 07:44:00,2019-03-01 08:59:00,1,122.203125,121.65625,8355,-565.5,18.625,True
3591788,3593690,2019-03-01 08:59:00,2019-03-08 07:21:00,-1,121.65625,122.6875,1902,-1049.875,18.625,True
3593690,3600214,2019-03-08 07:21:00,2019-04-01 09:25:00,1,122.6875,123.64171875,6524,935.5937499999955,18.625,True
3603690,3608593,2019-04-12 07:21:00,2019-05-01 09:04:00,-1,123.265625,123.8828125,4903,-635.8125,18.625,True
3608665,3628250,2019-05-01 10:16:00,2019-07-10 07:21:00,1,123.921875,127.15625,19585,3215.75,18.625,True
3628250,3634750,2019-07-10 07:21:00,2019-08-01 09:01:00,-1,127.15625,127.84375,6500,-706.125,18.625,True
3634750,3636694,2019-08-01 09:01:00,2019-08-08 08:05:00,1,127.84375,129.55078125,1944,1688.40625,18.625,True
3638824,3644652,2019-08-15 10:15:00,2019-09-05 09:23:00,1,130.859375,131.0821875,5828,204.1875000000034,18.625,True
3646124,3648469,2019-09-10 13:55:00,2019-09-18 13:00:00,-1,130.15625,129.83234375,2345,305.2812499999932,18.625,True
3652209,3654729,2019-10-02 08:40:00,2019-10-10 10:40:00,1,130.921875,130.7109375,2520,-229.5625,18.625,True
3657514,3660675,2019-10-21 10:25:00,2019-10-31 09:46:00,-1,129.65625,130.33734375,3161,-699.7187500000023,18.625,True
3661830,3664613,2019-11-05 09:01:00,2019-11-14 08:44:00,-1,129.046875,129.26421875,2783,-235.96874999999773,18.625,True
3669632,3670715,2019-12-03 09:28:00,2019-12-06 07:31:00,1,129.875,128.83921875,1083,-1054.4062500000136,18.625,True
3670717,3677900,2019-12-06 07:33:00,2020-01-03 09:01:00,-1,128.703125,129.2484375,7183,-563.9374999999943,18.625,True
3678118,3687324,2020-01-03 12:39:00,2020-02-06 08:05:00,1,129.421875,130.4015625,9206,961.0625000000114,18.625,True
3691565,3696156,2020-02-21 07:26:00,2020-03-09 10:37:00,1,131.71875,139.15687499999999,4591,7419.499999999985,18.625,True
3706871,3712486,2020-04-16 09:12:00,2020-05-06 09:27:00,1,139.390625,138.290625,5615,-1118.6249999999943,18.625,True
3714774,3720257,2020-05-14 07:35:00,2020-06-03 07:38:00,1,139.4375,138.5625,5483,-893.625,18.625,True
3720257,3722306,2020-06-03 07:38:00,2020-06-10 08:27:00,-1,138.5625,138.054375,2049,489.5000000000068,18.625,True
3727161,3739851,2020-06-26 09:22:00,2020-08-11 09:32:00,1,139.09375,139.34375,12690,231.375,18.625,True
3739851,3746658,2020-08-11 09:32:00,2020-09-03 09:39:00,-1,139.34375,139.734375,6807,-409.25,18.625,True
3746658,3755230,2020-09-03 09:39:00,2020-10-05 07:51:00,1,139.734375,139.203125,8572,-549.875,18.625,True
3755230,3786101,2020-10-05 07:51:00,2021-01-25 09:52:00,-1,139.203125,137.3915625,30871,1792.937500000008,18.625,True
3789587,3795875,2021-02-05 07:58:00,2021-03-01 08:06:00,-1,136.546875,133.28843750000001,6288,3239.8124999999854,18.625,True
3797440,3808805,2021-03-05 07:31:00,2021-04-15 07:21:00,-1,131.96875,132.10484375000001,11365,-154.71875000001478,18.625,True
3808890,3816415,2021-04-15 08:46:00,2021-05-12 07:31:00,1,132.296875,132.18046875,7525,-135.03125000001137,18.625,True
3820805,3824364,2021-05-27 07:21:00,2021-06-09 08:40:00,-1,131.875,132.878125,3559,-1021.7500000000114,18.625,True
3826668,3831785,2021-06-16 13:44:00,2021-07-06 07:41:00,-1,131.5625,132.86234375,5117,-1318.468750000008,18.625,True
3831835,3840975,2021-07-06 08:31:00,2021-08-06 07:31:00,1,132.890625,134.083125,9140,1173.8749999999955,18.625,True
3841765,3866600,2021-08-10 07:21:00,2021-11-04 09:56:00,-1,133.734375,131.3315625,24835,2384.18750000001,18.625,True
3866986,3868445,2021-11-05 09:42:00,2021-11-11 07:21:00,1,131.609375,130.60265625,1459,-1025.3437500000045,18.625,True
3869655,3872725,2021-11-16 07:31:00,2021-11-26 07:21:00,-1,130.234375,130.795,3070,-579.2499999999875,18.625,True
3874925,3875833,2021-12-03 12:26:00,2021-12-08 07:34:00,1,131.328125,130.1540625,908,-1192.687499999991,18.625,True
3879112,3881603,2021-12-20 08:53:00,2021-12-29 10:24:00,1,131.46875,130.20046875,2491,-1286.9062500000011,18.625,True
3882625,3888544,2022-01-03 07:26:00,2022-01-24 08:05:00,-1,130.078125,128.60140625,5919,1458.0937500000034,18.625,True
3892110,3896500,2022-02-04 07:31:00,2022-02-21 07:21:00,-1,127.328125,126.83390625,4390,475.5937500000017,18.625,True
3898736,3899323,2022-02-28 13:17:00,2022-03-02 09:44:00,1,127.34375,127.69453125,587,332.15624999999716,18.625,True
3902137,3907382,2022-03-11 09:58:00,2022-03-30 10:43:00,-1,125.921875,122.63609375,5245,3267.1562499999995,18.625,True
3908891,3911025,2022-04-05 09:12:00,2022-04-12 11:26:00,-1,121.421875,120.80546875,2134,597.7812499999972,18.625,True
3911980,3913984,2022-04-18 07:21:00,2022-04-25 07:25:00,-1,119.609375,119.621875,2004,-31.125000000002842,18.625,True
3916068,3918380,2022-05-02 08:49:00,2022-05-10 07:21:00,-1,118.4375,118.738125,2312,-319.2499999999966,18.625,True
3922480,3923983,2022-05-24 09:01:00,2022-05-30 07:24:00,1,120.3125,119.6353125,1503,-695.8125000000023,18.625,True
3925470,3929038,2022-06-03 07:31:00,2022-06-15 13:39:00,-1,118.5,115.51875,3568,2962.6250000000027,18.625,True
3933082,3934561,2022-06-30 09:43:00,2022-07-06 09:42:00,1,118.296875,119.31046875,1479,994.9687499999983,18.625,True
3940840,3942176,2022-07-28 07:41:00,2022-08-02 09:57:00,1,120.5,120.76453125,1336,245.90625000000455,18.625,True
3946420,3958315,2022-08-17 07:21:00,2022-09-28 07:36:00,-1,118.96875,111.794375,11895,7155.749999999998,18.625,True
3962711,3963000,2022-10-13 07:32:00,2022-10-13 12:21:00,-1,110.6875,111.16312500000001,289,-494.25000000000796,18.625,True
3964311,3965322,2022-10-19 07:32:00,2022-10-21 11:03:00,-1,110.0625,109.94796875,1011,95.90624999999886,18.625,True
3970715,3979442,2022-11-10 07:36:00,2022-12-12 10:08:00,1,111.859375,114.05109374999999,8727,2173.0937499999927,18.625,True
3979685,3980933,2022-12-13 07:31:00,2022-12-16 08:19:00,1,115.203125,114.20578125,1248,-1015.9687499999989,18.625,True
3982875,3984875,2022-12-23 07:21:00,2023-01-03 07:21:00,-1,113.3125,112.99375,2000,300.1249999999943,18.625,True
3987675,3990368,2023-01-12 07:21:00,2023-01-23 07:34:00,1,114.734375,114.778125,2693,25.125000000002842,18.625,True
3993592,3993966,2023-02-02 07:58:00,2023-02-03 07:32:00,1,115.9375,114.84,374,-1116.1249999999966,18.625,True
3994355,3996768,2023-02-06 07:21:00,2023-02-14 07:34:00,-1,114.171875,113.49875,2413,654.4999999999989,18.625,True
3996829,4000331,2023-02-14 08:35:00,2023-02-27 08:57:00,-1,112.375,111.7628125,3502,593.5625000000045,18.625,True
4001435,4002238,2023-03-02 07:21:00,2023-03-06 07:24:00,-1,110.65625,111.49453125,803,-856.9062499999943,18.625,True
4003835,4004635,2023-03-10 07:21:00,2023-03-14 07:21:00,1,112.21875,114.2521875,800,2014.812500000005,18.625,True
4005089,4005638,2023-03-15 08:15:00,2023-03-16 10:44:00,1,115.40625,114.8709375,549,-553.9375000000034,18.625,True
4007819,4008235,2023-03-23 13:45:00,2023-03-27 07:21:00,1,116.03125,115.81453125,416,-235.3437499999983,18.625,True
4014810,4016410,2023-04-19 07:21:00,2023-04-25 07:21:00,-1,114.21875,115.10843750000001,1600,-908.312500000008,18.625,True
4019150,4019620,2023-05-03 13:01:00,2023-05-05 07:31:00,1,116.25,115.83,470,-438.6250000000017,18.625,True
4023188,4026010,2023-05-17 13:39:00,2023-05-29 07:21:00,-1,114.484375,113.29359375,2822,1172.1562500000005,18.625,True
4035006,4038050,2023-06-29 07:57:00,2023-07-11 07:21:00,-1,112.390625,111.2578125,3044,1114.1875,18.625,True
4044214,4045326,2023-08-01 10:05:00,2023-08-04 08:37:00,-1,110.859375,110.8475,1112,-6.749999999996589,18.625,True
4048050,4050752,2023-08-15 07:21:00,2023-08-23 12:23:00,-1,109.75,109.96375,2702,-232.37500000000455,18.625,True
4058672,4061140,2023-09-20 13:03:00,2023-09-29 07:31:00,-1,109.09375,108.2909375,2468,784.1875000000017,18.625,True
4061761,4063530,2023-10-02 11:12:00,2023-10-09 07:21:00,-1,107.21875,107.26515625,1769,-65.03125000000398,18.625,True
4066253,4067788,2023-10-17 12:44:00,2023-10-23 11:39:00,-1,106.203125,106.38140625,1535,-196.90624999999773,18.625,True
4071141,4071655,2023-11-03 07:32:00,2023-11-06 09:26:00,1,108.125,107.6934375,514,-450.1874999999983,18.625,True
4073994,4080915,2023-11-14 08:25:00,2023-12-08 07:31:00,1,108.78125,110.1684375,6921,1368.562499999996,18.625,True
4082445,4086905,2023-12-13 13:01:00,2024-01-02 07:21:00,1,111.28125,112.22578125,4460,925.9062499999972,18.625,True
4091808,4095185,2024-01-18 11:04:00,2024-01-31 07:21:00,-1,111.203125,111.920625,3377,-736.1250000000011,18.625,True
4095673,4095995,2024-02-01 08:49:00,2024-02-02 07:31:00,1,112.828125,112.07109375,322,-775.6562499999972,18.625,True
4096489,4103495,2024-02-05 09:05:00,2024-02-29 07:51:00,-1,110.8125,110.405625,7006,388.24999999999943,18.625,True
4104734,4107065,2024-03-05 08:30:00,2024-03-13 07:21:00,1,111.21875,111.01921875,2331,-218.15625000000682,18.625,True
4112265,4121060,2024-04-02 07:21:00,2024-05-01 13:56:00,-1,109.765625,108.19625,8795,1550.7499999999936,18.625,True
4121475,4127150,2024-05-03 07:31:00,2024-05-23 08:46:00,1,108.796875,108.8071875,5675,-8.312500000002274,18.625,True
4128426,4129745,2024-05-28 12:02:00,2024-06-03 07:21:00,-1,108.46875,109.0484375,1319,-598.3125000000057,18.625,True
4130232,4131356,2024-06-04 08:48:00,2024-06-07 07:32:00,1,109.90625,109.5496875,1124,-375.18749999999545,18.625,True
4132818,4136835,2024-06-12 11:54:00,2024-06-27 07:31:00,1,110.65625,109.9209375,4017,-753.9375000000063,18.625,True
4140715,4147731,2024-07-11 07:31:00,2024-08-05 11:07:00,1,110.890625,113.95828125,7016,3049.031249999999,18.625,True
4154305,4160624,2024-08-28 07:21:00,2024-09-19 08:00:00,1,114.0625,114.51515625,6319,434.031250000004,18.625,True
4162712,4174985,2024-09-26 09:28:00,2024-11-08 07:21:00,-1,114.296875,110.32671875,12273,3951.5312500000023,18.625,True
4176599,4177790,2024-11-14 07:35:00,2024-11-19 07:26:00,-1,109.234375,110.026875,1191,-811.125000000004,18.625,True
4180185,4184360,2024-11-27 07:21:00,2024-12-12 07:21:00,1,110.65625,110.52421875,4175,-150.65624999999716,18.625,True
4185560,4193017,2024-12-17 07:21:00,2025-01-15 08:28:00,-1,109.59375,108.27515625,7457,1299.968750000005,18.625,True
4196030,4200554,2025-01-27 07:21:00,2025-02-11 09:25:00,1,109.03125,108.9,4524,-149.87499999999432,18.625,True
4200890,4201640,2025-02-12 08:21:00,2025-02-14 07:31:00,-1,108.1875,109.20625,750,-1037.3749999999973,18.625,True
4204310,4206867,2025-02-25 07:21:00,2025-03-05 09:58:00,1,110.0,110.9109375,2557,892.3125000000028,18.625,True
4212310,4213910,2025-03-25 07:21:00,2025-03-31 07:21:00,-1,110.390625,111.546875,1600,-1174.875,18.625,True
4213910,4215939,2025-03-31 07:21:00,2025-04-07 07:50:00,1,111.546875,112.81359375,2029,1248.0937499999955,18.625,True
4216710,4217120,2025-04-09 07:21:00,2025-04-10 07:31:00,-1,110.296875,111.14734375,410,-869.0937500000045,18.625,True
4217557,4217971,2025-04-11 08:08:00,2025-04-14 08:22:00,-1,110.046875,110.3425,414,-314.25000000000114,18.625,True
4222710,4223121,2025-05-01 07:21:00,2025-05-02 07:32:00,1,112.390625,111.51421875,411,-895.0312500000023,18.625,True
4225510,4230034,2025-05-12 07:21:00,2025-05-27 11:25:00,-1,110.578125,110.5003125,4524,59.18749999999318,18.625,True
4232290,4233010,2025-06-04 09:01:00,2025-06-06 07:41:00,1,110.921875,110.33859375,720,-601.9062499999989,18.625,True
4237391,4240480,2025-06-23 09:22:00,2025-07-03 07:31:00,1,111.453125,111.1275,3089,-344.2500000000023,18.625,True
4243374,4245650,2025-07-14 11:05:00,2025-07-22 09:01:00,-1,110.625,111.36828125,2276,-761.9062499999955,18.625,True
4248762,4262310,2025-08-01 07:33:00,2025-09-18 08:41:00,1,111.453125,112.7671875,13548,1295.4375000000057,18.625,True
4264418,4268799,2025-09-25 10:29:00,2025-10-10 10:10:00,-1,112.203125,113.0625,4381,-878.0,18.625,True
4268799,4274230,2025-10-10 10:10:00,2025-10-30 07:21:00,1,113.0625,112.72078125,5431,-360.3437499999983,18.625,True
4275930,4280630,2025-11-05 09:01:00,2025-11-21 07:21:00,-1,112.5,113.140625,4700,-659.25,18.625,True
4280630,4284555,2025-11-21 07:21:00,2025-12-05 09:51:00,1,113.140625,112.56609375,3925,-593.1562500000068,18.625,True
4284839,4302180,2025-12-08 07:55:00,2026-02-10 07:21:00,-1,112.359375,112.25,17341,90.75,18.625,True
4302180,4308060,2026-02-10 07:21:00,2026-03-03 07:21:00,1,112.25,112.72078125,5880,452.1562500000017,18.625,True
4309260,4315807,2026-03-06 07:21:00,2026-03-30 09:48:00,-1,112.25,110.8475,6547,1383.8750000000034,18.625,True
